[{"@type":"mappingTemplate","id":"@1","name":"PWXCLD-726","description":"","bundleVersion":"0","templateId":"@3","deployTime":1678256266000,"hasParameters":false,"valid":true,"fixedConnection":true,"hasParametersDeployed":false,"fixedConnectionDeployed":true,"isSchemaValidationEnabled":false,"tasks":1,"mappingPreviewFileRecordId":"@2","documentType":"MAPPING","references":[{"@type":"reference","refObjectId":"@cokf8fKcOYyezVq3fv49wY","refType":"connection"},{"@type":"reference","refObjectId":"@2rQXcMHYgPQdTXPWLiX3AQ","refType":"connection"}]}]