[{"@type":"mtTask","id":"@1","name":"MCT_Oracle_CDC","description":"","runtimeEnvironmentId":"@2esoSf3KGLKjsxer99J3kJ","maxLogs":10,"verbose":false,"mappingId":"@7UqqRcTjCCDfvAGJGRdFeO","frsGuid":"fSLkajjq2WKcUFxmU1kQwZ","shortDescription":"","sessionPropertiesList":[{"name":"Allow Temporary Sequence for Pushdown","value":"NO","recommended":false},{"name":"Allow Temporary View for Pushdown","value":"NO","recommended":false},{"name":"Pushdown Optimization","value":"None","recommended":false},{"name":"Pushdown Optimization Context","value":"None","recommended":false},{"name":"Run Only In Pushdown Mode","value":"NO","recommended":false}],"enableCrossSchemaPushdown":true,"enableParallelRun":false,"autoTunedApplied":false,"autoTunedAppliedType":"NONE","paramFileType":"PARAM_FILE_LOCAL","schemaMode":"async","executionEngine":"SPARK","schemaValidationErrorCount":-1,"parameterFileEncoding":"UTF-8","serverlessProperties":{},"taskProperties":[{"@type":"taskProperty","name":"parameterFileDir","currentValue":"","type":"STRING","label":"label.parameterFileDir","required":false},{"@type":"taskProperty","name":"parameterFileName","currentValue":"","type":"STRING","label":"label.parameterFileName","required":false}],"parameters":[{"@type":"mtTaskParameter","id":27170721,"name":"$Source$","type":"EXTENDED_SOURCE","label":"Source","uiProperties":{"connectionParameterized":"false","isMsrcFilterParameterized":"false","isMsrcSortParameterized":"false","objectParameterized":"false","visible":"false","originalPath":"Source"},"sourceConnectionId":"@k8ELy48ZPoxf8XeYlCp0Uo","newFlatFile":false,"newObject":false,"showBusinessNames":false,"naturalOrder":true,"truncateTarget":false,"bulkApiDBTarget":false,"customFuncCfg":{"@type":"customFuncConfig","id":-1,"connections":[],"inputMap":[],"outputFields":[]},"targetRefsV2":{},"targetUpdateColumns":[],"extendedObject":{"@type":"extendedObject","object":{"@type":"mObject","name":"d8orad/atypa16k_SRC_ALLTYPA_16K","label":"atypa16k_SRC_ALLTYPA_16K","metadataUpdated":false,"relations":[],"children":[]},"singleMode":true,"objects":[{"@type":"mObject","name":"d8orad/atypa16k_SRC_ALLTYPA_16K","label":"atypa16k_SRC_ALLTYPA_16K","metadataUpdated":false,"relations":[],"children":[]}],"filters":[],"sortFields":[]},"runtimeAttrs":{},"isRESTModernSource":true,"isFileList":false,"handleSpecialChars":false,"frsAsset":false,"dynamicFileName":false,"excludeDynamicFileNameField":false,"currentlyProcessedFileName":false,"retainFieldMetadata":false,"useExactSrcNames":false,"fetchMode":"ORIGINAL","tgtObjectAttributes":{},"runtimeParameterData":{"@type":"mtTaskRuntimeParameterData","isConnectionRuntimeParameter":false,"isObjectRuntimeParameter":false,"paramName":"Source"},"overridableProperties":[],"overriddenFields":[]},{"@type":"mtTaskParameter","id":27170723,"name":"$Target$","type":"TARGET","label":"Target","uiProperties":{"connectionParameterized":"false","objectParameterized":"false","visible":"false","defaultTargetUpdateColumns":"","supportApplyDDLChanges":"true","originalPath":"Target"},"targetConnectionId":"@cokf8fKcOYyezVq3fv49wY","targetObject":"DBMI_DB1/GEETHA/Oracle_CDC","targetObjectLabel":"DBMI_DB1/GEETHA/Oracle_CDC","newFlatFile":false,"newObject":true,"showBusinessNames":false,"naturalOrder":true,"newObjectName":"DBMI_DB1/GEETHA/Oracle_CDC","truncateTarget":false,"bulkApiDBTarget":false,"operationType":"Insert","customFuncCfg":{"@type":"customFuncConfig","id":-1,"connections":[],"inputMap":[],"outputFields":[]},"targetRefsV2":{},"targetUpdateColumns":[],"extendedObject":{"@type":"extendedObject","singleMode":true,"filters":[],"sortFields":[]},"runtimeAttrs":{},"isRESTModernSource":true,"isFileList":false,"handleSpecialChars":false,"frsAsset":false,"dynamicFileName":false,"excludeDynamicFileNameField":false,"currentlyProcessedFileName":false,"retainFieldMetadata":false,"objectName":"DBMI_DB1/GEETHA/Oracle_CDC","objectLabel":"DBMI_DB1/GEETHA/Oracle_CDC","useExactSrcNames":false,"fetchMode":"ORIGINAL","tgtObjectAttributes":{"parent":"DBMI_DB1/GEETHA","tableType":""},"targetSchemaMode":"DONT_APPLY_CHANGES","runtimeParameterData":{"@type":"mtTaskRuntimeParameterData","isConnectionRuntimeParameter":false,"isObjectRuntimeParameter":false,"paramName":"Target"},"overridableProperties":[],"overriddenFields":[]}],"sequences":[],"inOutParameters":[],"connRuntimeAttrs":[{"@type":"mtTaskConnRuntimeAttr","id":"33501","name":"101","value":"0","connectionId":"@k8ELy48ZPoxf8XeYlCp0Uo"},{"@type":"mtTaskConnRuntimeAttr","id":"33503","name":"102","value":"0","connectionId":"@k8ELy48ZPoxf8XeYlCp0Uo"},{"@type":"mtTaskConnRuntimeAttr","id":"33505","name":"103","value":"2","connectionId":"@k8ELy48ZPoxf8XeYlCp0Uo"},{"@type":"mtTaskConnRuntimeAttr","id":"33507","name":"104","value":"2000","connectionId":"@k8ELy48ZPoxf8XeYlCp0Uo"},{"@type":"mtTaskConnRuntimeAttr","id":"33509","name":"105","value":"0","connectionId":"@k8ELy48ZPoxf8XeYlCp0Uo"},{"@type":"mtTaskConnRuntimeAttr","id":"33511","name":"106","value":"1","connectionId":"@k8ELy48ZPoxf8XeYlCp0Uo"},{"@type":"mtTaskConnRuntimeAttr","id":"33513","name":"107","value":"-1","connectionId":"@k8ELy48ZPoxf8XeYlCp0Uo"},{"@type":"mtTaskConnRuntimeAttr","id":"33515","name":"108","value":"0","connectionId":"@k8ELy48ZPoxf8XeYlCp0Uo"},{"@type":"mtTaskConnRuntimeAttr","id":"33517","name":"109","value":"0","connectionId":"@k8ELy48ZPoxf8XeYlCp0Uo"},{"@type":"mtTaskConnRuntimeAttr","id":"33519","name":"110","value":"0","connectionId":"@k8ELy48ZPoxf8XeYlCp0Uo"}]}]