[{"@type":"mappingTemplate","id":"@1","name":"Oracle_CDC","description":"","bundleVersion":"0","templateId":"@3","deployTime":1678256279000,"hasParameters":false,"valid":true,"fixedConnection":true,"hasParametersDeployed":false,"fixedConnectionDeployed":true,"isSchemaValidationEnabled":false,"tasks":1,"mappingPreviewFileRecordId":"@2","documentType":"MAPPING","references":[{"@type":"reference","refObjectId":"@cokf8fKcOYyezVq3fv49wY","refType":"connection"},{"@type":"reference","refObjectId":"@k8ELy48ZPoxf8XeYlCp0Uo","refType":"connection"}]}]