[{"@type":"mtTask","id":"@1","name":"MT_SFDC_CustomAllDataType__c_Insert","description":"","runtimeEnvironmentId":"@2esoSf3KGLKjsxer99J3kJ","maxLogs":10,"verbose":false,"mappingId":"@0D80IHe3EeGd79W4aSZQMy","frsGuid":"63xaGGpbg4xcDoC3reRF6F","shortDescription":"","sessionPropertiesList":[{"name":"Allow Temporary Sequence for Pushdown","value":"NO","recommended":false},{"name":"Allow Temporary View for Pushdown","value":"NO","recommended":false},{"name":"Pushdown Optimization","value":"None","recommended":false},{"name":"Pushdown Optimization Context","value":"None","recommended":false},{"name":"Run Only In Pushdown Mode","value":"NO","recommended":false}],"enableCrossSchemaPushdown":true,"enableParallelRun":false,"autoTunedApplied":false,"autoTunedAppliedType":"NONE","paramFileType":"PARAM_FILE_LOCAL","schemaMode":"async","executionEngine":"SPARK","schemaValidationErrorCount":-1,"parameterFileEncoding":"UTF-8","serverlessProperties":{},"taskProperties":[{"@type":"taskProperty","name":"parameterFileDir","currentValue":"","type":"STRING","label":"label.parameterFileDir","required":false},{"@type":"taskProperty","name":"parameterFileName","currentValue":"","type":"STRING","label":"label.parameterFileName","required":false}],"parameters":[{"@type":"mtTaskParameter","id":27170641,"name":"$FF_Source$","type":"EXTENDED_SOURCE","label":"Param_FF_src_conn","description":"","uiProperties":{"cnxtype":"CSVFile","connectionParameterized":"true","logcnx":"Param_FF_src_conn","isMsrcFilterParameterized":"false","isMsrcSortParameterized":"false","objlabel":"Param_FF_srcobj","origobjlabel":"","objectParameterized":"true","objDesc":"","originalPath":"FF_Source"},"sourceConnectionId":"@5ga3n1HU9uQlW8xHAkt2qg","newFlatFile":false,"newObject":false,"showBusinessNames":true,"naturalOrder":false,"truncateTarget":false,"bulkApiDBTarget":false,"customFuncCfg":{"@type":"customFuncConfig","id":-1,"connections":[],"inputMap":[],"outputFields":[]},"targetRefsV2":{},"targetUpdateColumns":[],"extendedObject":{"@type":"extendedObject","object":{"@type":"mObject","name":"CustomAllDataType__c_Insert.csv","label":"CustomAllDataType__c_Insert.csv","metadataUpdated":false,"relations":[],"children":[]},"singleMode":true,"objects":[{"@type":"mObject","name":"CustomAllDataType__c_Insert.csv","label":"CustomAllDataType__c_Insert.csv","metadataUpdated":false,"relations":[],"children":[]}],"filters":[],"sortFields":[]},"runtimeAttrs":{},"isRESTModernSource":true,"isFileList":false,"handleSpecialChars":false,"frsAsset":false,"dynamicFileName":false,"excludeDynamicFileNameField":false,"currentlyProcessedFileName":false,"retainFieldMetadata":false,"useExactSrcNames":false,"fetchMode":"ORIGINAL","tgtObjectAttributes":{},"runtimeParameterData":{"@type":"mtTaskRuntimeParameterData","isConnectionRuntimeParameter":false,"isObjectRuntimeParameter":false,"connectionParameterName":"Param_FF_src_conn","objectParameterName":"Param_FF_srcobj"},"overridableProperties":[{"@type":"overridableProperty","id":"defaultPrecision","labelKey":"FF_Source_defaultPrecision","type":"integer","hidden":false,"required":false,"defaultValue":"","renderingHints":{}}],"overriddenFields":[{"@type":"mtTaskOverriddenField","id":174237677,"name":"dt_checkbox__c","type":"int","precision":10,"scale":0},{"@type":"mtTaskOverriddenField","id":174237679,"name":"dt_currency__c","type":"number","precision":18,"scale":0},{"@type":"mtTaskOverriddenField","id":174237681,"name":"dt_datetime__c","type":"datetime","precision":29,"scale":9},{"@type":"mtTaskOverriddenField","id":174237683,"name":"dt_date__c","type":"datetime","precision":29,"scale":9},{"@type":"mtTaskOverriddenField","id":174237685,"name":"dt_email__c","type":"nstring","precision":80,"scale":0},{"@type":"mtTaskOverriddenField","id":174237687,"name":"dt_geolocation_decimal__Latitude__s","type":"number","precision":8,"scale":5},{"@type":"mtTaskOverriddenField","id":174237689,"name":"dt_geolocation_decimal__Longitude__s","type":"number","precision":8,"scale":5},{"@type":"mtTaskOverriddenField","id":174237691,"name":"dt_geolocation_degree__Latitude__s","type":"number","precision":8,"scale":5},{"@type":"mtTaskOverriddenField","id":174237693,"name":"dt_geolocation_degree__Longitude__s","type":"number","precision":8,"scale":5},{"@type":"mtTaskOverriddenField","id":174237695,"name":"dt_number__c","type":"number","precision":18,"scale":0},{"@type":"mtTaskOverriddenField","id":174237697,"name":"dt_percent__c","type":"number","precision":18,"scale":0},{"@type":"mtTaskOverriddenField","id":174237699,"name":"dt_phone__c","type":"nstring","precision":40,"scale":0},{"@type":"mtTaskOverriddenField","id":174237701,"name":"dt_piclistmultiselect__c","type":"nstring","precision":4099,"scale":0},{"@type":"mtTaskOverriddenField","id":174237703,"name":"dt_textarealong__c","type":"nstring","precision":131072,"scale":0},{"@type":"mtTaskOverriddenField","id":174237705,"name":"dt_textarearich__c","type":"nstring","precision":131072,"scale":0},{"@type":"mtTaskOverriddenField","id":174237707,"name":"dt_textencrypted__c","type":"nstring","precision":175,"scale":0},{"@type":"mtTaskOverriddenField","id":174237709,"name":"dt_text__c","type":"nstring","precision":100,"scale":0},{"@type":"mtTaskOverriddenField","id":174237711,"name":"dt_time__c","type":"datetime","precision":29,"scale":9}]},{"@type":"mtTaskParameter","id":27170643,"name":"$Target$","type":"TARGET","label":"Param_SFDC_tgt_conn","description":"","uiProperties":{"cnxtype":"Salesforce","connectionParameterized":"true","logcnx":"Param_SFDC_tgt_conn","objlabel":"Param_SFDC_obj","origobjlabel":"","objectParameterized":"true","objDesc":"","defaultTargetUpdateColumns":"","fieldMappingParameterized":"true","supportApplyDDLChanges":"false","originalPath":"Target"},"targetConnectionId":"@5sjGMDshht8bmWgJ3MaEiN","targetObject":"CustomAllDataType__c","targetObjectLabel":"CustomAllDataType","newFlatFile":false,"newObject":false,"showBusinessNames":false,"naturalOrder":false,"truncateTarget":false,"bulkApiDBTarget":false,"operationType":"Insert","customFuncCfg":{"@type":"customFuncConfig","id":-1,"connections":[],"inputMap":[],"outputFields":[]},"targetRefsV2":{},"targetUpdateColumns":[],"extendedObject":{"@type":"extendedObject","singleMode":true,"filters":[],"sortFields":[]},"runtimeAttrs":{},"isRESTModernSource":true,"isFileList":false,"handleSpecialChars":false,"frsAsset":false,"dynamicFileName":false,"excludeDynamicFileNameField":false,"currentlyProcessedFileName":false,"retainFieldMetadata":false,"objectName":"CustomAllDataType__c","objectLabel":"CustomAllDataType","useExactSrcNames":false,"fetchMode":"ORIGINAL","tgtObjectAttributes":{},"runtimeParameterData":{"@type":"mtTaskRuntimeParameterData","isConnectionRuntimeParameter":false,"isObjectRuntimeParameter":false,"connectionParameterName":"Param_SFDC_tgt_conn","objectParameterName":"Param_SFDC_obj"},"overridableProperties":[],"overriddenFields":[]},{"@type":"mtTaskParameter","id":27170645,"name":"$FieldMapping$","type":"STRING","text":"string (80, 0) Name=Name__c;string (100, 0) Name__c=Name__c;integer (10, 0) dt_checkbox__c=dt_checkbox__c;decimal (18, 0) dt_currency__c=dt_currency__c;date/time (10, 0) dt_date__c=dt_date__c;date/time (24, 0) dt_datetime__c=dt_datetime__c;string (80, 0) dt_email__c=dt_email__c;decimal (8, 5) dt_geolocation_decimal__Latitude__s=dt_geolocation_decimal__Latitude__s;decimal (8, 5) dt_geolocation_decimal__Longitude__s=dt_geolocation_decimal__Longitude__s;decimal (8, 5) dt_geolocation_degree__Latitude__s=dt_geolocation_degree__Latitude__s;decimal (8, 5) dt_geolocation_degree__Longitude__s=dt_geolocation_degree__Longitude__s;decimal (18, 0) dt_number__c=dt_number__c;decimal (18, 0) dt_percent__c=dt_percent__c;string (40, 0) dt_phone__c=dt_phone__c;string (255, 0) dt_picklist__c=dt_picklist__c;string (4099, 0) dt_piclistmultiselect__c=dt_piclistmultiselect__c;string (100, 0) dt_text__c=dt_text__c;string (255, 0) dt_textarea__c=dt_textarea__c;string (131072, 0) dt_textarealong__c=dt_textarealong__c;string (131072, 0) dt_textarearich__c=dt_textarearich__c;string (175, 0) dt_textencrypted__c=dt_textencrypted__c;date/time (24, 0) dt_time__c=dt_time__c;string (255, 0) dt_url__c=dt_url__c;","label":"FieldMapping","description":"","uiProperties":{"paramtype":"Fieldmap","supressFieldmappingSuffix":"true","lefttitle":"Incoming Fields","righttitle":"Target Fields","originalPath":"Target"},"newFlatFile":false,"newObject":false,"showBusinessNames":true,"naturalOrder":true,"truncateTarget":false,"bulkApiDBTarget":false,"customFuncCfg":{"@type":"customFuncConfig","id":-1,"connections":[],"inputMap":[],"outputFields":[]},"targetRefsV2":{},"targetUpdateColumns":[],"runtimeAttrs":{},"isRESTModernSource":true,"isFileList":false,"handleSpecialChars":false,"frsAsset":false,"dynamicFileName":false,"excludeDynamicFileNameField":false,"currentlyProcessedFileName":false,"retainFieldMetadata":false,"useExactSrcNames":false,"fetchMode":"ORIGINAL","tgtObjectAttributes":{},"runtimeParameterData":{"@type":"mtTaskRuntimeParameterData","isConnectionRuntimeParameter":false,"isObjectRuntimeParameter":false},"overridableProperties":[],"overriddenFields":[]}],"sequences":[],"inOutParameters":[],"connRuntimeAttrs":[]}]