[{"@type":"mtTask","id":"@1","name":"MT_SFDC_CustomAllDataType__c_Delete","description":"","runtimeEnvironmentId":"@2esoSf3KGLKjsxer99J3kJ","maxLogs":10,"verbose":false,"mappingId":"@093rVMHJZiRfzR6DSsXxcp","frsGuid":"lhsBXcGXH6ee9t1msdOYi7","shortDescription":"","sessionPropertiesList":[{"name":"Allow Temporary Sequence for Pushdown","value":"NO","recommended":false},{"name":"Allow Temporary View for Pushdown","value":"NO","recommended":false},{"name":"Pushdown Optimization","value":"None","recommended":false},{"name":"Pushdown Optimization Context","value":"None","recommended":false},{"name":"Run Only In Pushdown Mode","value":"NO","recommended":false}],"enableCrossSchemaPushdown":true,"enableParallelRun":false,"autoTunedApplied":false,"autoTunedAppliedType":"NONE","paramFileType":"PARAM_FILE_LOCAL","schemaMode":"async","executionEngine":"SPARK","schemaValidationErrorCount":-1,"parameterFileEncoding":"UTF-8","serverlessProperties":{},"taskProperties":[{"@type":"taskProperty","name":"parameterFileDir","currentValue":"","type":"STRING","label":"label.parameterFileDir","required":false},{"@type":"taskProperty","name":"parameterFileName","currentValue":"","type":"STRING","label":"label.parameterFileName","required":false}],"parameters":[{"@type":"mtTaskParameter","id":27170697,"name":"$FF_Source$","type":"EXTENDED_SOURCE","label":"Param_FF_src_conn","description":"","uiProperties":{"cnxtype":"CSVFile","connectionParameterized":"true","logcnx":"Param_FF_src_conn","isMsrcFilterParameterized":"false","isMsrcSortParameterized":"false","objlabel":"Param_FF_srcobj","origobjlabel":"","objectParameterized":"true","objDesc":"","originalPath":"FF_Source"},"sourceConnectionId":"@5ga3n1HU9uQlW8xHAkt2qg","newFlatFile":false,"newObject":false,"showBusinessNames":true,"naturalOrder":true,"truncateTarget":false,"bulkApiDBTarget":false,"customFuncCfg":{"@type":"customFuncConfig","id":-1,"connections":[],"inputMap":[],"outputFields":[]},"targetRefsV2":{},"targetUpdateColumns":[],"extendedObject":{"@type":"extendedObject","object":{"@type":"mObject","name":"CustomAllDataType__c_Delete.csv","label":"CustomAllDataType__c_Delete.csv","metadataUpdated":false,"relations":[],"children":[]},"singleMode":true,"objects":[{"@type":"mObject","name":"CustomAllDataType__c_Delete.csv","label":"CustomAllDataType__c_Delete.csv","metadataUpdated":false,"relations":[],"children":[]}],"filters":[],"sortFields":[]},"runtimeAttrs":{},"isRESTModernSource":true,"isFileList":false,"handleSpecialChars":false,"frsAsset":false,"dynamicFileName":false,"excludeDynamicFileNameField":false,"currentlyProcessedFileName":false,"retainFieldMetadata":false,"useExactSrcNames":false,"fetchMode":"ORIGINAL","tgtObjectAttributes":{},"runtimeParameterData":{"@type":"mtTaskRuntimeParameterData","isConnectionRuntimeParameter":false,"isObjectRuntimeParameter":false,"connectionParameterName":"Param_FF_src_conn","objectParameterName":"Param_FF_srcobj"},"overridableProperties":[{"@type":"overridableProperty","id":"defaultPrecision","labelKey":"FF_Source_defaultPrecision","type":"integer","hidden":false,"required":false,"defaultValue":"","renderingHints":{}}],"overriddenFields":[{"@type":"mtTaskOverriddenField","id":174237791,"name":"dt_number__c","type":"number","precision":18,"scale":0}]},{"@type":"mtTaskParameter","id":27170699,"name":"$Target$","type":"TARGET","label":"Param_SFDC_tgt_conn","description":"","uiProperties":{"cnxtype":"Salesforce","connectionParameterized":"true","logcnx":"Param_SFDC_tgt_conn","objlabel":"Param_SFDC_obj","origobjlabel":"","objectParameterized":"true","objDesc":"","defaultTargetUpdateColumns":"","fieldMappingParameterized":"true","supportApplyDDLChanges":"false","originalPath":"Target"},"targetConnectionId":"@1AvtxGIlMCih8o73L8xna9","targetObject":"CustomAllDataType__c","targetObjectLabel":"CustomAllDataType","newFlatFile":false,"newObject":false,"showBusinessNames":true,"naturalOrder":true,"truncateTarget":false,"bulkApiDBTarget":false,"operationType":"Delete","customFuncCfg":{"@type":"customFuncConfig","id":-1,"connections":[],"inputMap":[],"outputFields":[]},"targetRefsV2":{},"targetUpdateColumns":[],"extendedObject":{"@type":"extendedObject","singleMode":true,"filters":[],"sortFields":[]},"runtimeAttrs":{},"isRESTModernSource":true,"isFileList":false,"handleSpecialChars":false,"frsAsset":false,"dynamicFileName":false,"excludeDynamicFileNameField":false,"currentlyProcessedFileName":false,"retainFieldMetadata":false,"objectName":"CustomAllDataType__c","objectLabel":"CustomAllDataType","useExactSrcNames":false,"fetchMode":"ORIGINAL","tgtObjectAttributes":{},"runtimeParameterData":{"@type":"mtTaskRuntimeParameterData","isConnectionRuntimeParameter":false,"isObjectRuntimeParameter":false,"connectionParameterName":"Param_SFDC_tgt_conn","objectParameterName":"Param_SFDC_obj"},"overridableProperties":[],"overriddenFields":[]},{"@type":"mtTaskParameter","id":27170701,"name":"$Lookup$","type":"LOOKUP","label":"Param_SFDC_tgt_conn","description":"","uiProperties":{"cnxtype":"Salesforce","connectionParameterized":"true","logcnx":"Param_SFDC_tgt_conn","isCachedLookup":"true","multipleMatchPolicy":"Use All Values","objlabel":"Param_SFDC_obj","origobjlabel":"","objectParameterized":"true","objDesc":"","originalPath":"Lookup"},"lookupConnectionId":"@1AvtxGIlMCih8o73L8xna9","lookupObject":"CustomAllDataType__c","lookupObjectLabel":"CustomAllDataType","newFlatFile":false,"newObject":false,"showBusinessNames":true,"naturalOrder":true,"truncateTarget":false,"bulkApiDBTarget":false,"customFuncCfg":{"@type":"customFuncConfig","id":-1,"connections":[],"inputMap":[],"outputFields":[]},"targetRefsV2":{},"targetUpdateColumns":[],"runtimeAttrs":{"Lookup source is static":"false","Lookup Sql Override":"","Case Sensitive String Comparison":"false","Lookup Data Cache Size":"AUTO","Output Old Value On Update":"false","Lookup Source Filter":"","Pre-build lookup cache":"AUTO","Synchronize dynamic cache":"false","Null ordering":"","Thousand Separator":"None","Cache File Name Prefix":"","Lookup Index Cache Size":"AUTO","Optional":"true","Lookup cache persistent":"false","Decimal Separator":".","Re-cache from lookup source":"false","Insert Else Update":"false","Lookup caching enabled":"true","Tracing Level":"Normal","Datetime Format":"","Subsecond Precision":"6","Sorted Input":"false","Lookup cache directory name":"$PMCacheDir","Dynamic Lookup Cache":"false"},"isRESTModernSource":true,"isFileList":false,"handleSpecialChars":false,"frsAsset":false,"dynamicFileName":false,"excludeDynamicFileNameField":false,"currentlyProcessedFileName":false,"retainFieldMetadata":false,"objectName":"CustomAllDataType__c","objectLabel":"CustomAllDataType","useExactSrcNames":false,"fetchMode":"ORIGINAL","tgtObjectAttributes":{},"runtimeParameterData":{"@type":"mtTaskRuntimeParameterData","isConnectionRuntimeParameter":false,"isObjectRuntimeParameter":false,"connectionParameterName":"Param_SFDC_tgt_conn","objectParameterName":"Param_SFDC_obj"},"overridableProperties":[],"overriddenFields":[]},{"@type":"mtTaskParameter","id":27170703,"name":"$FieldMapping$","type":"STRING","text":"string (18, 0) Id=Id;","label":"FieldMapping","description":"","uiProperties":{"paramtype":"Fieldmap","supressFieldmappingSuffix":"true","lefttitle":"Incoming Fields","righttitle":"Target Fields","originalPath":"Target"},"newFlatFile":false,"newObject":false,"showBusinessNames":true,"naturalOrder":true,"truncateTarget":false,"bulkApiDBTarget":false,"customFuncCfg":{"@type":"customFuncConfig","id":-1,"connections":[],"inputMap":[],"outputFields":[]},"targetRefsV2":{},"targetUpdateColumns":[],"runtimeAttrs":{},"isRESTModernSource":true,"isFileList":false,"handleSpecialChars":false,"frsAsset":false,"dynamicFileName":false,"excludeDynamicFileNameField":false,"currentlyProcessedFileName":false,"retainFieldMetadata":false,"useExactSrcNames":false,"fetchMode":"ORIGINAL","tgtObjectAttributes":{},"runtimeParameterData":{"@type":"mtTaskRuntimeParameterData","isConnectionRuntimeParameter":false,"isObjectRuntimeParameter":false},"overridableProperties":[],"overriddenFields":[]},{"@type":"mtTaskParameter","id":27170705,"name":"$lkupCondition$","type":"STRING","text":"dt_number__c = IN_dt_number__c","label":"lkupCondition","description":"","uiProperties":{"paramtype":"Expression","originalPath":"Lookup"},"newFlatFile":false,"newObject":false,"showBusinessNames":true,"naturalOrder":true,"truncateTarget":false,"bulkApiDBTarget":false,"customFuncCfg":{"@type":"customFuncConfig","id":-1,"connections":[],"inputMap":[],"outputFields":[]},"targetRefsV2":{},"targetUpdateColumns":[],"runtimeAttrs":{},"isRESTModernSource":true,"isFileList":false,"handleSpecialChars":false,"frsAsset":false,"dynamicFileName":false,"excludeDynamicFileNameField":false,"currentlyProcessedFileName":false,"retainFieldMetadata":false,"useExactSrcNames":false,"fetchMode":"ORIGINAL","tgtObjectAttributes":{},"runtimeParameterData":{"@type":"mtTaskRuntimeParameterData","isConnectionRuntimeParameter":false,"isObjectRuntimeParameter":false},"overridableProperties":[],"overriddenFields":[]}],"sequences":[],"inOutParameters":[],"connRuntimeAttrs":[]}]