[{"@type":"mtTask","id":"@1","name":"MT_SFDC_Task_Update","description":"","runtimeEnvironmentId":"@2esoSf3KGLKjsxer99J3kJ","maxLogs":10,"verbose":false,"mappingId":"@093rVMHJZiRfzR6DSsXxcp","frsGuid":"921oBcolt08eAc9QkMZxAQ","shortDescription":"","sessionPropertiesList":[{"name":"Allow Temporary Sequence for Pushdown","value":"NO","recommended":false},{"name":"Allow Temporary View for Pushdown","value":"NO","recommended":false},{"name":"Pushdown Optimization","value":"None","recommended":false},{"name":"Pushdown Optimization Context","value":"None","recommended":false},{"name":"Run Only In Pushdown Mode","value":"NO","recommended":false}],"enableCrossSchemaPushdown":true,"enableParallelRun":false,"autoTunedApplied":false,"autoTunedAppliedType":"NONE","paramFileType":"PARAM_FILE_LOCAL","schemaMode":"async","executionEngine":"SPARK","schemaValidationErrorCount":-1,"parameterFileEncoding":"UTF-8","serverlessProperties":{},"taskProperties":[{"@type":"taskProperty","name":"parameterFileDir","currentValue":"","type":"STRING","label":"label.parameterFileDir","required":false},{"@type":"taskProperty","name":"parameterFileName","currentValue":"","type":"STRING","label":"label.parameterFileName","required":false}],"parameters":[{"@type":"mtTaskParameter","id":27170631,"name":"$FF_Source$","type":"EXTENDED_SOURCE","label":"Param_FF_src_conn","description":"","uiProperties":{"cnxtype":"CSVFile","connectionParameterized":"true","logcnx":"Param_FF_src_conn","isMsrcFilterParameterized":"false","isMsrcSortParameterized":"false","objlabel":"Param_FF_srcobj","origobjlabel":"","objectParameterized":"true","objDesc":"","originalPath":"FF_Source"},"sourceConnectionId":"@5ga3n1HU9uQlW8xHAkt2qg","newFlatFile":false,"newObject":false,"showBusinessNames":true,"naturalOrder":true,"truncateTarget":false,"bulkApiDBTarget":false,"customFuncCfg":{"@type":"customFuncConfig","id":-1,"connections":[],"inputMap":[],"outputFields":[]},"targetRefsV2":{},"targetUpdateColumns":[],"extendedObject":{"@type":"extendedObject","object":{"@type":"mObject","name":"Task_Update.csv","label":"Task_Update.csv","metadataUpdated":false,"relations":[],"children":[]},"singleMode":true,"objects":[{"@type":"mObject","name":"Task_Update.csv","label":"Task_Update.csv","metadataUpdated":false,"relations":[],"children":[]}],"filters":[],"sortFields":[]},"runtimeAttrs":{},"isRESTModernSource":true,"isFileList":false,"handleSpecialChars":false,"frsAsset":false,"dynamicFileName":false,"excludeDynamicFileNameField":false,"currentlyProcessedFileName":false,"retainFieldMetadata":false,"useExactSrcNames":false,"fetchMode":"ORIGINAL","tgtObjectAttributes":{},"runtimeParameterData":{"@type":"mtTaskRuntimeParameterData","isConnectionRuntimeParameter":false,"isObjectRuntimeParameter":false,"connectionParameterName":"Param_FF_src_conn","objectParameterName":"Param_FF_srcobj"},"overridableProperties":[{"@type":"overridableProperty","id":"defaultPrecision","labelKey":"FF_Source_defaultPrecision","type":"integer","hidden":false,"required":false,"defaultValue":"","renderingHints":{}}],"overriddenFields":[{"@type":"mtTaskOverriddenField","id":174237651,"name":"ActivityDate","type":"datetime","precision":29,"scale":9},{"@type":"mtTaskOverriddenField","id":174237653,"name":"CallDurationInSeconds","type":"int","precision":10,"scale":0},{"@type":"mtTaskOverriddenField","id":174237655,"name":"CompletedDateTime","type":"datetime","precision":29,"scale":9},{"@type":"mtTaskOverriddenField","id":174237657,"name":"Description","type":"nstring","precision":32000,"scale":0},{"@type":"mtTaskOverriddenField","id":174237659,"name":"IsRecurrence","type":"int","precision":10,"scale":0},{"@type":"mtTaskOverriddenField","id":174237661,"name":"IsReminderSet","type":"int","precision":10,"scale":0},{"@type":"mtTaskOverriddenField","id":174237663,"name":"RecurrenceDayOfMonth","type":"int","precision":10,"scale":0},{"@type":"mtTaskOverriddenField","id":174237665,"name":"RecurrenceDayOfWeekMask","type":"int","precision":10,"scale":0},{"@type":"mtTaskOverriddenField","id":174237667,"name":"RecurrenceEndDateOnly","type":"datetime","precision":29,"scale":9},{"@type":"mtTaskOverriddenField","id":174237669,"name":"RecurrenceInterval","type":"int","precision":10,"scale":0},{"@type":"mtTaskOverriddenField","id":174237671,"name":"RecurrenceStartDateOnly","type":"datetime","precision":29,"scale":9},{"@type":"mtTaskOverriddenField","id":174237673,"name":"RecurrenceType","type":"nstring","precision":10,"scale":0},{"@type":"mtTaskOverriddenField","id":174237675,"name":"ReminderDateTime","type":"datetime","precision":29,"scale":9}]},{"@type":"mtTaskParameter","id":27170633,"name":"$Target$","type":"TARGET","label":"Param_SFDC_tgt_conn","description":"","uiProperties":{"cnxtype":"Salesforce","connectionParameterized":"true","logcnx":"Param_SFDC_tgt_conn","objlabel":"Param_SFDC_obj","origobjlabel":"","objectParameterized":"true","objDesc":"","defaultTargetUpdateColumns":"","fieldMappingParameterized":"true","supportApplyDDLChanges":"false","originalPath":"Target"},"targetConnectionId":"@5sjGMDshht8bmWgJ3MaEiN","targetObject":"Task","targetObjectLabel":"Task","newFlatFile":false,"newObject":false,"showBusinessNames":true,"naturalOrder":true,"truncateTarget":false,"bulkApiDBTarget":false,"operationType":"Update","customFuncCfg":{"@type":"customFuncConfig","id":-1,"connections":[],"inputMap":[],"outputFields":[]},"targetRefsV2":{},"targetUpdateColumns":[],"extendedObject":{"@type":"extendedObject","singleMode":true,"filters":[],"sortFields":[]},"runtimeAttrs":{},"isRESTModernSource":true,"isFileList":false,"handleSpecialChars":false,"frsAsset":false,"dynamicFileName":false,"excludeDynamicFileNameField":false,"currentlyProcessedFileName":false,"retainFieldMetadata":false,"objectName":"Task","objectLabel":"Task","useExactSrcNames":false,"fetchMode":"ORIGINAL","tgtObjectAttributes":{},"runtimeParameterData":{"@type":"mtTaskRuntimeParameterData","isConnectionRuntimeParameter":false,"isObjectRuntimeParameter":false,"connectionParameterName":"Param_SFDC_tgt_conn","objectParameterName":"Param_SFDC_obj"},"overridableProperties":[],"overriddenFields":[]},{"@type":"mtTaskParameter","id":27170635,"name":"$Lookup$","type":"LOOKUP","label":"Param_SFDC_tgt_conn","description":"","uiProperties":{"cnxtype":"Salesforce","connectionParameterized":"true","logcnx":"Param_SFDC_tgt_conn","isCachedLookup":"true","multipleMatchPolicy":"Use All Values","objlabel":"Param_SFDC_obj","origobjlabel":"","objectParameterized":"true","objDesc":"","originalPath":"Lookup"},"lookupConnectionId":"@5sjGMDshht8bmWgJ3MaEiN","lookupObject":"Task","lookupObjectLabel":"Task","newFlatFile":false,"newObject":false,"showBusinessNames":true,"naturalOrder":true,"truncateTarget":false,"bulkApiDBTarget":false,"customFuncCfg":{"@type":"customFuncConfig","id":-1,"connections":[],"inputMap":[],"outputFields":[]},"targetRefsV2":{},"targetUpdateColumns":[],"runtimeAttrs":{"Lookup source is static":"false","Lookup Sql Override":"","Case Sensitive String Comparison":"false","Lookup Data Cache Size":"AUTO","Output Old Value On Update":"false","Lookup Source Filter":"","Pre-build lookup cache":"AUTO","Synchronize dynamic cache":"false","Null ordering":"","Thousand Separator":"None","Cache File Name Prefix":"","Lookup Index Cache Size":"AUTO","Optional":"true","Lookup cache persistent":"false","Decimal Separator":".","Re-cache from lookup source":"false","Insert Else Update":"false","Lookup caching enabled":"true","Tracing Level":"Normal","Datetime Format":"","Subsecond Precision":"6","Sorted Input":"false","Lookup cache directory name":"$PMCacheDir","Dynamic Lookup Cache":"false"},"isRESTModernSource":true,"isFileList":false,"handleSpecialChars":false,"frsAsset":false,"dynamicFileName":false,"excludeDynamicFileNameField":false,"currentlyProcessedFileName":false,"retainFieldMetadata":false,"objectName":"Task","objectLabel":"Task","useExactSrcNames":false,"fetchMode":"ORIGINAL","tgtObjectAttributes":{},"runtimeParameterData":{"@type":"mtTaskRuntimeParameterData","isConnectionRuntimeParameter":false,"isObjectRuntimeParameter":false,"connectionParameterName":"Param_SFDC_tgt_conn","objectParameterName":"Param_SFDC_obj"},"overridableProperties":[],"overriddenFields":[]},{"@type":"mtTaskParameter","id":27170637,"name":"$FieldMapping$","type":"STRING","text":"string (18, 0) Id=Id;string (255, 0) Subject=Subject;date/time (10, 0) ActivityDate=ActivityDate;string (255, 0) Status=Status;string (20, 0) Priority=Priority;string (32000, 0) Description=Description;integer (10, 0) CallDurationInSeconds=CallDurationInSeconds;string (40, 0) CallType=CallType;string (255, 0) CallDisposition=CallDisposition;string (255, 0) CallObject=CallObject;date/time (24, 0) ReminderDateTime=ReminderDateTime;integer (10, 0) IsReminderSet=IsReminderSet;integer (10, 0) IsRecurrence=IsRecurrence;date/time (10, 0) RecurrenceStartDateOnly=RecurrenceStartDateOnly;date/time (10, 0) RecurrenceEndDateOnly=RecurrenceEndDateOnly;string (40, 0) RecurrenceTimeZoneSidKey=RecurrenceTimeZoneSidKey;string (40, 0) RecurrenceType=RecurrenceType;integer (10, 0) RecurrenceInterval=RecurrenceInterval;integer (10, 0) RecurrenceDayOfWeekMask=RecurrenceDayOfWeekMask;integer (10, 0) RecurrenceDayOfMonth=RecurrenceDayOfMonth;string (40, 0) RecurrenceInstance=RecurrenceInstance;string (40, 0) RecurrenceMonthOfYear=RecurrenceMonthOfYear;string (40, 0) RecurrenceRegeneratedType=RecurrenceRegeneratedType;string (40, 0) TaskSubtype=TaskSubtype;date/time (24, 0) CompletedDateTime=CompletedDateTime;","label":"FieldMapping","description":"","uiProperties":{"paramtype":"Fieldmap","supressFieldmappingSuffix":"true","lefttitle":"Incoming Fields","righttitle":"Target Fields","originalPath":"Target"},"newFlatFile":false,"newObject":false,"showBusinessNames":true,"naturalOrder":true,"truncateTarget":false,"bulkApiDBTarget":false,"customFuncCfg":{"@type":"customFuncConfig","id":-1,"connections":[],"inputMap":[],"outputFields":[]},"targetRefsV2":{},"targetUpdateColumns":[],"runtimeAttrs":{},"isRESTModernSource":true,"isFileList":false,"handleSpecialChars":false,"frsAsset":false,"dynamicFileName":false,"excludeDynamicFileNameField":false,"currentlyProcessedFileName":false,"retainFieldMetadata":false,"useExactSrcNames":false,"fetchMode":"ORIGINAL","tgtObjectAttributes":{},"runtimeParameterData":{"@type":"mtTaskRuntimeParameterData","isConnectionRuntimeParameter":false,"isObjectRuntimeParameter":false},"overridableProperties":[],"overriddenFields":[]},{"@type":"mtTaskParameter","id":27170639,"name":"$lkupCondition$","type":"STRING","text":"Subject=IN_Subject","label":"lkupCondition","description":"","uiProperties":{"paramtype":"Expression","originalPath":"Lookup"},"newFlatFile":false,"newObject":false,"showBusinessNames":true,"naturalOrder":true,"truncateTarget":false,"bulkApiDBTarget":false,"customFuncCfg":{"@type":"customFuncConfig","id":-1,"connections":[],"inputMap":[],"outputFields":[]},"targetRefsV2":{},"targetUpdateColumns":[],"runtimeAttrs":{},"isRESTModernSource":true,"isFileList":false,"handleSpecialChars":false,"frsAsset":false,"dynamicFileName":false,"excludeDynamicFileNameField":false,"currentlyProcessedFileName":false,"retainFieldMetadata":false,"useExactSrcNames":false,"fetchMode":"ORIGINAL","tgtObjectAttributes":{},"runtimeParameterData":{"@type":"mtTaskRuntimeParameterData","isConnectionRuntimeParameter":false,"isObjectRuntimeParameter":false},"overridableProperties":[],"overriddenFields":[]}],"sequences":[],"inOutParameters":[],"connRuntimeAttrs":[]}]