[{"@type":"drsTask","id":"@1","name":"DRS_ADT_Oppurtunity","maxLogs":10,"sourceConnectionId":"@6ek3dpEoeD7e0GNr6QQuwg","targetConnectionId":"@cETpNSKQd8VheKzBS9Jyg9","tablePrefix":"A_","verbose":false,"fullRefresh":false,"replicateAllObjects":false,"removeDeleted":false,"queryAll":true,"srcShowLabels":true,"maxRows":0,"stopOnError":false,"replicationObjects":["Opportunity"],"excludedReplicationObjects":[],"majorUpdateTime":1678256284000,"metadataMode":0,"bulkApi":true,"base64BodySize":30.0,"bulkApiDBTarget":true,"fieldExclusions":[],"filters":[],"advancedFilters":[],"srcRuntimeAttrs":{"@type":"taskRuntimeAttrs","attrs":{"Maximum Rows Per Request":"0","PK Chunking size":"100000","Enable PK Chunking":"1","PK Chunking startRow ID":""}}}]