[{"@type":"mtTask","id":"@1","name":"MT_SFDC_Employee_Insert - Copy 1","description":"","runtimeEnvironmentId":"@2esoSf3KGLKjsxer99J3kJ","maxLogs":10,"verbose":false,"mappingId":"@0D80IHe3EeGd79W4aSZQMy","frsGuid":"ceSTb1MISw1jnZENxS82Wd","shortDescription":"","sessionPropertiesList":[{"name":"Allow Temporary Sequence for Pushdown","value":"NO","recommended":false},{"name":"Allow Temporary View for Pushdown","value":"NO","recommended":false},{"name":"Pushdown Optimization","value":"None","recommended":false}],"enableCrossSchemaPushdown":true,"enableParallelRun":false,"autoTunedApplied":false,"autoTunedAppliedType":"NONE","paramFileType":"PARAM_FILE_LOCAL","schemaMode":"async","executionEngine":"SPARK","schemaValidationErrorCount":-1,"parameterFileEncoding":"UTF-8","serverlessProperties":{},"taskProperties":[{"@type":"taskProperty","name":"parameterFileDir","currentValue":"","type":"STRING","label":"label.parameterFileDir","required":false},{"@type":"taskProperty","name":"parameterFileName","currentValue":"","type":"STRING","label":"label.parameterFileName","required":false}],"parameters":[{"@type":"mtTaskParameter","id":27170609,"name":"$FF_Source$","type":"EXTENDED_SOURCE","label":"Param_FF_src_conn","description":"","uiProperties":{"cnxtype":"CSVFile","connectionParameterized":"true","logcnx":"Param_FF_src_conn","isMsrcFilterParameterized":"false","isMsrcSortParameterized":"false","objlabel":"Param_FF_srcobj","origobjlabel":"","objectParameterized":"true","objDesc":"","originalPath":"FF_Source"},"sourceConnectionId":"@5ga3n1HU9uQlW8xHAkt2qg","newFlatFile":false,"newObject":false,"showBusinessNames":true,"naturalOrder":true,"truncateTarget":false,"bulkApiDBTarget":false,"srcFFAttrs":{"@type":"flatFileAttrs","id":7873355,"delimiter":",","textQualifier":"\"","escapeChar":"","headerLineNo":1,"firstDataRow":2},"customFuncCfg":{"@type":"customFuncConfig","id":-1,"connections":[],"inputMap":[],"outputFields":[]},"targetRefsV2":{},"targetUpdateColumns":[],"extendedObject":{"@type":"extendedObject","object":{"@type":"mObject","name":"Employees_Insert.csv","label":"Employees_Insert.csv","metadataUpdated":false,"relations":[],"children":[]},"singleMode":true,"objects":[{"@type":"mObject","name":"Employees_Insert.csv","label":"Employees_Insert.csv","metadataUpdated":false,"relations":[],"children":[]}],"filters":[],"sortFields":[]},"runtimeAttrs":{},"isRESTModernSource":true,"isFileList":false,"handleSpecialChars":false,"frsAsset":false,"dynamicFileName":false,"excludeDynamicFileNameField":false,"currentlyProcessedFileName":false,"retainFieldMetadata":false,"useExactSrcNames":false,"fetchMode":"ORIGINAL","tgtObjectAttributes":{},"runtimeParameterData":{"@type":"mtTaskRuntimeParameterData","isConnectionRuntimeParameter":false,"isObjectRuntimeParameter":false,"connectionParameterName":"Param_FF_src_conn","objectParameterName":"Param_FF_srcobj"},"overridableProperties":[{"@type":"overridableProperty","id":"defaultPrecision","labelKey":"FF_Source_defaultPrecision","type":"integer","hidden":false,"required":false,"defaultValue":"","renderingHints":{}}],"overriddenFields":[{"@type":"mtTaskOverriddenField","id":174237595,"name":"EMP_ID__c","type":"number","precision":18,"scale":0},{"@type":"mtTaskOverriddenField","id":174237597,"name":"BirthDate__c","type":"datetime","precision":29,"scale":9},{"@type":"mtTaskOverriddenField","id":174237599,"name":"EFF_DATE__c","type":"datetime","precision":29,"scale":9},{"@type":"mtTaskOverriddenField","id":174237601,"name":"SALARY__c","type":"number","precision":18,"scale":0}]},{"@type":"mtTaskParameter","id":27170611,"name":"$Target$","type":"TARGET","label":"Param_SFDC_tgt_conn","description":"","uiProperties":{"cnxtype":"Salesforce","connectionParameterized":"true","logcnx":"Param_SFDC_tgt_conn","objlabel":"Param_SFDC_obj","origobjlabel":"","objectParameterized":"true","objDesc":"","defaultTargetUpdateColumns":"","fieldMappingParameterized":"true","supportApplyDDLChanges":"false","originalPath":"Target"},"targetConnectionId":"@5sjGMDshht8bmWgJ3MaEiN","targetObject":"Employee__c","targetObjectLabel":"Employee__c","newFlatFile":false,"newObject":false,"showBusinessNames":true,"naturalOrder":true,"truncateTarget":false,"bulkApiDBTarget":false,"operationType":"Insert","customFuncCfg":{"@type":"customFuncConfig","id":-1,"connections":[],"inputMap":[],"outputFields":[]},"targetRefsV2":{},"targetUpdateColumns":[],"extendedObject":{"@type":"extendedObject","singleMode":true,"filters":[],"sortFields":[]},"runtimeAttrs":{},"isRESTModernSource":true,"isFileList":false,"handleSpecialChars":false,"frsAsset":false,"dynamicFileName":false,"excludeDynamicFileNameField":false,"currentlyProcessedFileName":false,"retainFieldMetadata":false,"objectName":"Employee__c","objectLabel":"Employee__c","useExactSrcNames":false,"fetchMode":"ORIGINAL","tgtObjectAttributes":{},"runtimeParameterData":{"@type":"mtTaskRuntimeParameterData","isConnectionRuntimeParameter":false,"isObjectRuntimeParameter":false,"connectionParameterName":"Param_SFDC_tgt_conn","objectParameterName":"Param_SFDC_obj"},"overridableProperties":[],"overriddenFields":[]},{"@type":"mtTaskParameter","id":27170613,"name":"$FieldMapping$","type":"STRING","text":"decimal (18, 0) EMP_ID__c=EMP_ID__c;string (20, 0) FIRST_NAME__c=FIRST_NAME__c;string (20, 0) LAST_NAME__c=LAST_NAME__c;decimal (10, 0) SALARY__c=SALARY__c;string (25, 0) Title__c=Title__c;string (255, 0) GENDER__c=GENDER__c;string (20, 0) HIRECODE__c=HIRECODE__c;string (20, 0) DESCR__c=DESCR__c;date/time (24, 0) Join_Time__c=Join_Time__c;date/time (24, 0) EFF_DATE__c=EFF_DATE__c;date/time (10, 0) BirthDate__c=BirthDate__c;string (15, 0) PostalCode__c=PostalCode__c;string (10, 0) Region__c=Region__c;string (50, 0) Address__c=Address__c;string (15, 0) City__c=City__c;string (10, 0) Country__c=Country__c;string (40, 0) HomePhone__c=HomePhone__c;","label":"FieldMapping","description":"","uiProperties":{"paramtype":"Fieldmap","supressFieldmappingSuffix":"true","lefttitle":"Incoming Fields","righttitle":"Target Fields","originalPath":"Target"},"newFlatFile":false,"newObject":false,"showBusinessNames":true,"naturalOrder":true,"truncateTarget":false,"bulkApiDBTarget":false,"customFuncCfg":{"@type":"customFuncConfig","id":-1,"connections":[],"inputMap":[],"outputFields":[]},"targetRefsV2":{},"targetUpdateColumns":[],"runtimeAttrs":{},"isRESTModernSource":true,"isFileList":false,"handleSpecialChars":false,"frsAsset":false,"dynamicFileName":false,"excludeDynamicFileNameField":false,"currentlyProcessedFileName":false,"retainFieldMetadata":false,"useExactSrcNames":false,"fetchMode":"ORIGINAL","tgtObjectAttributes":{},"runtimeParameterData":{"@type":"mtTaskRuntimeParameterData","isConnectionRuntimeParameter":false,"isObjectRuntimeParameter":false},"overridableProperties":[],"overriddenFields":[]}],"sequences":[],"inOutParameters":[],"connRuntimeAttrs":[]}]