[{"@type":"mappingTemplate","id":"@1","name":"Mapping268","description":"","bundleVersion":"0","templateId":"@3","deployTime":1678256284000,"hasParameters":false,"valid":true,"fixedConnection":true,"hasParametersDeployed":false,"fixedConnectionDeployed":true,"isSchemaValidationEnabled":false,"tasks":0,"mappingPreviewFileRecordId":"@2","documentType":"MAPPING","references":[{"@type":"reference","refObjectId":"@cokf8fKcOYyezVq3fv49wY","refType":"connection"},{"@type":"reference","refObjectId":"@hCK9zdMNsEZgC8uJQF96qT","refType":"connection"}]}]