[{"@type":"mtTask","id":"@1","name":"MT_PWXCLD-726","description":"","runtimeEnvironmentId":"@2esoSf3KGLKjsxer99J3kJ","maxLogs":10,"verbose":false,"mappingId":"@atDBPEVDeqjfHgIFKOz4OE","frsGuid":"8RsLS4huFJFhUkJiz4SXqq","shortDescription":"","sessionPropertiesList":[{"name":"Allow Temporary Sequence for Pushdown","value":"NO","recommended":false},{"name":"Allow Temporary View for Pushdown","value":"NO","recommended":false},{"name":"Pushdown Optimization","value":"None","recommended":false},{"name":"Pushdown Optimization Context","value":"None","recommended":false},{"name":"Run Only In Pushdown Mode","value":"NO","recommended":false}],"enableCrossSchemaPushdown":true,"enableParallelRun":false,"autoTunedApplied":false,"autoTunedAppliedType":"NONE","paramFileType":"PARAM_FILE_LOCAL","schemaMode":"async","executionEngine":"SPARK","schemaValidationErrorCount":-1,"parameterFileEncoding":"UTF-8","serverlessProperties":{},"taskProperties":[{"@type":"taskProperty","name":"parameterFileDir","currentValue":"","type":"STRING","label":"label.parameterFileDir","required":false},{"@type":"taskProperty","name":"parameterFileName","currentValue":"","type":"STRING","label":"label.parameterFileName","required":false}],"parameters":[{"@type":"mtTaskParameter","id":27170707,"name":"$Source$","type":"EXTENDED_SOURCE","label":"Source","uiProperties":{"connectionParameterized":"false","isMsrcFilterParameterized":"false","isMsrcSortParameterized":"false","objectParameterized":"false","visible":"false","originalPath":"Source"},"sourceConnectionId":"@2rQXcMHYgPQdTXPWLiX3AQ","newFlatFile":false,"newObject":false,"showBusinessNames":false,"naturalOrder":true,"truncateTarget":false,"bulkApiDBTarget":false,"customFuncCfg":{"@type":"customFuncConfig","id":-1,"connections":[],"inputMap":[],"outputFields":[]},"targetRefsV2":{},"targetUpdateColumns":[],"extendedObject":{"@type":"extendedObject","object":{"@type":"mObject","name":"d8orad/o00018k_ORL001_SRC_8K","label":"o00018k_ORL001_SRC_8K","metadataUpdated":false,"relations":[],"children":[]},"singleMode":true,"objects":[{"@type":"mObject","name":"d8orad/o00018k_ORL001_SRC_8K","label":"o00018k_ORL001_SRC_8K","metadataUpdated":false,"relations":[],"children":[]}],"filters":[],"sortFields":[]},"runtimeAttrs":{},"isRESTModernSource":true,"isFileList":false,"handleSpecialChars":false,"frsAsset":false,"dynamicFileName":false,"excludeDynamicFileNameField":false,"currentlyProcessedFileName":false,"retainFieldMetadata":false,"useExactSrcNames":false,"fetchMode":"ORIGINAL","tgtObjectAttributes":{},"runtimeParameterData":{"@type":"mtTaskRuntimeParameterData","isConnectionRuntimeParameter":false,"isObjectRuntimeParameter":false,"paramName":"Source"},"overridableProperties":[],"overriddenFields":[]},{"@type":"mtTaskParameter","id":27170709,"name":"$Target$","type":"TARGET","label":"Target","uiProperties":{"connectionParameterized":"false","objectParameterized":"false","visible":"false","defaultTargetUpdateColumns":"","supportApplyDDLChanges":"true","originalPath":"Target"},"targetConnectionId":"@cokf8fKcOYyezVq3fv49wY","targetObject":"DBMI_DB1/GEETHA/Oraclecdc","targetObjectLabel":"DBMI_DB1/GEETHA/Oraclecdc","newFlatFile":false,"newObject":true,"showBusinessNames":false,"naturalOrder":true,"newObjectName":"DBMI_DB1/GEETHA/Oraclecdc","truncateTarget":false,"bulkApiDBTarget":false,"operationType":"Insert","customFuncCfg":{"@type":"customFuncConfig","id":-1,"connections":[],"inputMap":[],"outputFields":[]},"targetRefsV2":{},"targetUpdateColumns":[],"extendedObject":{"@type":"extendedObject","singleMode":true,"filters":[],"sortFields":[]},"runtimeAttrs":{},"isRESTModernSource":true,"isFileList":false,"handleSpecialChars":false,"frsAsset":false,"dynamicFileName":false,"excludeDynamicFileNameField":false,"currentlyProcessedFileName":false,"retainFieldMetadata":false,"objectName":"DBMI_DB1/GEETHA/Oraclecdc","objectLabel":"DBMI_DB1/GEETHA/Oraclecdc","useExactSrcNames":true,"fetchMode":"ORIGINAL","tgtObjectAttributes":{"parent":"DBMI_DB1/GEETHA","tableType":""},"targetSchemaMode":"DONT_APPLY_CHANGES","runtimeParameterData":{"@type":"mtTaskRuntimeParameterData","isConnectionRuntimeParameter":false,"isObjectRuntimeParameter":false,"paramName":"Target"},"overridableProperties":[],"overriddenFields":[]}],"sequences":[],"inOutParameters":[],"connRuntimeAttrs":[{"@type":"mtTaskConnRuntimeAttr","id":"33481","name":"101","value":"0","connectionId":"@2rQXcMHYgPQdTXPWLiX3AQ"},{"@type":"mtTaskConnRuntimeAttr","id":"33483","name":"102","value":"0","connectionId":"@2rQXcMHYgPQdTXPWLiX3AQ"},{"@type":"mtTaskConnRuntimeAttr","id":"33485","name":"103","value":"2","connectionId":"@2rQXcMHYgPQdTXPWLiX3AQ"},{"@type":"mtTaskConnRuntimeAttr","id":"33487","name":"104","value":"2000","connectionId":"@2rQXcMHYgPQdTXPWLiX3AQ"},{"@type":"mtTaskConnRuntimeAttr","id":"33489","name":"105","value":"0","connectionId":"@2rQXcMHYgPQdTXPWLiX3AQ"},{"@type":"mtTaskConnRuntimeAttr","id":"33491","name":"106","value":"2","connectionId":"@2rQXcMHYgPQdTXPWLiX3AQ"},{"@type":"mtTaskConnRuntimeAttr","id":"33493","name":"107","value":"-1","connectionId":"@2rQXcMHYgPQdTXPWLiX3AQ"},{"@type":"mtTaskConnRuntimeAttr","id":"33495","name":"108","value":"0","connectionId":"@2rQXcMHYgPQdTXPWLiX3AQ"},{"@type":"mtTaskConnRuntimeAttr","id":"33497","name":"109","value":"0","connectionId":"@2rQXcMHYgPQdTXPWLiX3AQ"},{"@type":"mtTaskConnRuntimeAttr","id":"33499","name":"110","value":"0","connectionId":"@2rQXcMHYgPQdTXPWLiX3AQ"}]}]