[{"@type":"mtTask","id":"@1","name":"MT_SFDC_Task_Insert","description":"","runtimeEnvironmentId":"@2esoSf3KGLKjsxer99J3kJ","maxLogs":10,"verbose":true,"mappingId":"@0D80IHe3EeGd79W4aSZQMy","frsGuid":"hnP1ItnsDacgzl3I8gHEen","shortDescription":"","sessionPropertiesList":[{"name":"Allow Temporary Sequence for Pushdown","value":"NO","recommended":false},{"name":"Allow Temporary View for Pushdown","value":"NO","recommended":false},{"name":"Pushdown Optimization","value":"None","recommended":false},{"name":"Pushdown Optimization Context","value":"None","recommended":false},{"name":"Run Only In Pushdown Mode","value":"NO","recommended":false}],"enableCrossSchemaPushdown":true,"enableParallelRun":false,"autoTunedApplied":false,"autoTunedAppliedType":"NONE","paramFileType":"PARAM_FILE_LOCAL","schemaMode":"async","executionEngine":"SPARK","schemaValidationErrorCount":-1,"parameterFileEncoding":"UTF-8","serverlessProperties":{},"taskProperties":[{"@type":"taskProperty","name":"parameterFileDir","currentValue":"","type":"STRING","label":"label.parameterFileDir","required":false},{"@type":"taskProperty","name":"parameterFileName","currentValue":"","type":"STRING","label":"label.parameterFileName","required":false}],"parameters":[{"@type":"mtTaskParameter","id":27170625,"name":"$FF_Source$","type":"EXTENDED_SOURCE","label":"Param_FF_src_conn","description":"","uiProperties":{"cnxtype":"CSVFile","connectionParameterized":"true","logcnx":"Param_FF_src_conn","isMsrcFilterParameterized":"false","isMsrcSortParameterized":"false","objlabel":"Param_FF_srcobj","origobjlabel":"","objectParameterized":"true","objDesc":"","originalPath":"FF_Source"},"sourceConnectionId":"@5ga3n1HU9uQlW8xHAkt2qg","newFlatFile":false,"newObject":false,"showBusinessNames":true,"naturalOrder":true,"truncateTarget":false,"bulkApiDBTarget":false,"customFuncCfg":{"@type":"customFuncConfig","id":-1,"connections":[],"inputMap":[],"outputFields":[]},"targetRefsV2":{},"targetUpdateColumns":[],"extendedObject":{"@type":"extendedObject","object":{"@type":"mObject","name":"Task_Insert.csv","label":"Task_Insert.csv","metadataUpdated":false,"relations":[],"children":[]},"singleMode":true,"objects":[{"@type":"mObject","name":"Task_Insert.csv","label":"Task_Insert.csv","metadataUpdated":false,"relations":[],"children":[]}],"filters":[],"sortFields":[]},"runtimeAttrs":{},"isRESTModernSource":true,"isFileList":false,"handleSpecialChars":false,"frsAsset":false,"dynamicFileName":false,"excludeDynamicFileNameField":false,"currentlyProcessedFileName":false,"retainFieldMetadata":false,"useExactSrcNames":false,"fetchMode":"ORIGINAL","tgtObjectAttributes":{},"runtimeParameterData":{"@type":"mtTaskRuntimeParameterData","isConnectionRuntimeParameter":false,"isObjectRuntimeParameter":false,"connectionParameterName":"Param_FF_src_conn","objectParameterName":"Param_FF_srcobj"},"overridableProperties":[{"@type":"overridableProperty","id":"defaultPrecision","labelKey":"FF_Source_defaultPrecision","type":"integer","hidden":false,"required":false,"defaultValue":"","renderingHints":{}}],"overriddenFields":[{"@type":"mtTaskOverriddenField","id":174237627,"name":"ActivityDate","type":"datetime","precision":29,"scale":9},{"@type":"mtTaskOverriddenField","id":174237629,"name":"CallDurationInSeconds","type":"int","precision":10,"scale":0},{"@type":"mtTaskOverriddenField","id":174237631,"name":"CompletedDateTime","type":"datetime","precision":29,"scale":9},{"@type":"mtTaskOverriddenField","id":174237633,"name":"Description","type":"nstring","precision":1000,"scale":0},{"@type":"mtTaskOverriddenField","id":174237635,"name":"IsRecurrence","type":"int","precision":10,"scale":0},{"@type":"mtTaskOverriddenField","id":174237637,"name":"IsReminderSet","type":"int","precision":10,"scale":0},{"@type":"mtTaskOverriddenField","id":174237639,"name":"RecurrenceDayOfMonth","type":"int","precision":10,"scale":0},{"@type":"mtTaskOverriddenField","id":174237641,"name":"RecurrenceDayOfWeekMask","type":"int","precision":10,"scale":0},{"@type":"mtTaskOverriddenField","id":174237643,"name":"RecurrenceEndDateOnly","type":"datetime","precision":29,"scale":9},{"@type":"mtTaskOverriddenField","id":174237645,"name":"RecurrenceInterval","type":"int","precision":10,"scale":0},{"@type":"mtTaskOverriddenField","id":174237647,"name":"RecurrenceStartDateOnly","type":"datetime","precision":29,"scale":9},{"@type":"mtTaskOverriddenField","id":174237649,"name":"ReminderDateTime","type":"datetime","precision":29,"scale":9}]},{"@type":"mtTaskParameter","id":27170627,"name":"$Target$","type":"TARGET","label":"Param_SFDC_tgt_conn","description":"","uiProperties":{"cnxtype":"Salesforce","connectionParameterized":"true","logcnx":"Param_SFDC_tgt_conn","objlabel":"Param_SFDC_obj","origobjlabel":"","objectParameterized":"true","objDesc":"","defaultTargetUpdateColumns":"","fieldMappingParameterized":"true","supportApplyDDLChanges":"false","originalPath":"Target"},"targetConnectionId":"@5sjGMDshht8bmWgJ3MaEiN","targetObject":"Task","targetObjectLabel":"Task","newFlatFile":false,"newObject":false,"showBusinessNames":true,"naturalOrder":true,"truncateTarget":false,"bulkApiDBTarget":false,"operationType":"Insert","customFuncCfg":{"@type":"customFuncConfig","id":-1,"connections":[],"inputMap":[],"outputFields":[]},"targetRefsV2":{},"targetUpdateColumns":[],"extendedObject":{"@type":"extendedObject","singleMode":true,"filters":[],"sortFields":[]},"runtimeAttrs":{},"isRESTModernSource":true,"isFileList":false,"handleSpecialChars":false,"frsAsset":false,"dynamicFileName":false,"excludeDynamicFileNameField":false,"currentlyProcessedFileName":false,"retainFieldMetadata":false,"objectName":"Task","objectLabel":"Task","useExactSrcNames":false,"fetchMode":"ORIGINAL","tgtObjectAttributes":{},"runtimeParameterData":{"@type":"mtTaskRuntimeParameterData","isConnectionRuntimeParameter":false,"isObjectRuntimeParameter":false,"connectionParameterName":"Param_SFDC_tgt_conn","objectParameterName":"Param_SFDC_obj"},"overridableProperties":[],"overriddenFields":[]},{"@type":"mtTaskParameter","id":27170629,"name":"$FieldMapping$","type":"STRING","text":"string (255, 0) Subject=Subject;date/time (10, 0) ActivityDate=ActivityDate;string (255, 0) Status=Status;string (20, 0) Priority=Priority;string (32000, 0) Description=Description;integer (10, 0) CallDurationInSeconds=CallDurationInSeconds;string (40, 0) CallType=CallType;string (255, 0) CallDisposition=CallDisposition;string (255, 0) CallObject=CallObject;date/time (24, 0) ReminderDateTime=ReminderDateTime;integer (10, 0) IsReminderSet=IsReminderSet;integer (10, 0) IsRecurrence=IsRecurrence;date/time (10, 0) RecurrenceStartDateOnly=RecurrenceStartDateOnly;date/time (10, 0) RecurrenceEndDateOnly=RecurrenceEndDateOnly;string (40, 0) RecurrenceTimeZoneSidKey=RecurrenceTimeZoneSidKey;string (40, 0) RecurrenceType=RecurrenceType;integer (10, 0) RecurrenceInterval=RecurrenceInterval;integer (10, 0) RecurrenceDayOfWeekMask=RecurrenceDayOfWeekMask;integer (10, 0) RecurrenceDayOfMonth=RecurrenceDayOfMonth;string (40, 0) RecurrenceInstance=RecurrenceInstance;string (40, 0) RecurrenceMonthOfYear=RecurrenceMonthOfYear;string (40, 0) RecurrenceRegeneratedType=RecurrenceRegeneratedType;string (40, 0) TaskSubtype=TaskSubtype;date/time (24, 0) CompletedDateTime=CompletedDateTime;","label":"FieldMapping","description":"","uiProperties":{"paramtype":"Fieldmap","supressFieldmappingSuffix":"true","lefttitle":"Incoming Fields","righttitle":"Target Fields","originalPath":"Target"},"newFlatFile":false,"newObject":false,"showBusinessNames":true,"naturalOrder":true,"truncateTarget":false,"bulkApiDBTarget":false,"customFuncCfg":{"@type":"customFuncConfig","id":-1,"connections":[],"inputMap":[],"outputFields":[]},"targetRefsV2":{},"targetUpdateColumns":[],"runtimeAttrs":{},"isRESTModernSource":true,"isFileList":false,"handleSpecialChars":false,"frsAsset":false,"dynamicFileName":false,"excludeDynamicFileNameField":false,"currentlyProcessedFileName":false,"retainFieldMetadata":false,"useExactSrcNames":false,"fetchMode":"ORIGINAL","tgtObjectAttributes":{},"runtimeParameterData":{"@type":"mtTaskRuntimeParameterData","isConnectionRuntimeParameter":false,"isObjectRuntimeParameter":false},"overridableProperties":[],"overriddenFields":[]}],"sequences":[],"inOutParameters":[],"connRuntimeAttrs":[]}]