[{"@type":"drsTask","id":"@1","name":"DRS_Maxlength","maxLogs":10,"sourceConnectionId":"@1AvtxGIlMCih8o73L8xna9","targetConnectionId":"@9kgb91j2vhvc5kZsl09g6E","tablePrefix":"SF_","verbose":true,"fullRefresh":true,"replicateAllObjects":false,"removeDeleted":false,"queryAll":true,"srcShowLabels":false,"maxRows":0,"stopOnError":true,"replicationObjects":["ACT_CUSTOMER__c","Account","CustomAllDataType__c"],"excludedReplicationObjects":[],"majorUpdateTime":1678256284000,"metadataMode":0,"bulkApi":true,"base64BodySize":30.0,"bulkApiDBTarget":true,"fieldExclusions":[],"filters":[],"advancedFilters":[],"srcRuntimeAttrs":{"@type":"taskRuntimeAttrs","attrs":{"Maximum Rows Per Request":"0","PK Chunking size":"100000","Enable PK Chunking":"0","PK Chunking startRow ID":""}}}]