[{"@type":"mtTask","id":"@1","name":"MT_SFDC_Contract_Delete","description":"","runtimeEnvironmentId":"@2esoSf3KGLKjsxer99J3kJ","maxLogs":10,"verbose":false,"mappingId":"@093rVMHJZiRfzR6DSsXxcp","frsGuid":"02Baz2oJx6cdOQHNX1nlmm","shortDescription":"","sessionPropertiesList":[{"name":"Allow Temporary Sequence for Pushdown","value":"NO","recommended":false},{"name":"Allow Temporary View for Pushdown","value":"NO","recommended":false},{"name":"Pushdown Optimization","value":"None","recommended":false}],"enableCrossSchemaPushdown":true,"enableParallelRun":false,"autoTunedApplied":false,"autoTunedAppliedType":"NONE","paramFileType":"PARAM_FILE_LOCAL","schemaMode":"async","executionEngine":"SPARK","schemaValidationErrorCount":-1,"parameterFileEncoding":"UTF-8","serverlessProperties":{},"taskProperties":[{"@type":"taskProperty","name":"parameterFileDir","currentValue":"","type":"STRING","label":"label.parameterFileDir","required":false},{"@type":"taskProperty","name":"parameterFileName","currentValue":"","type":"STRING","label":"label.parameterFileName","required":false}],"parameters":[{"@type":"mtTaskParameter","id":27170683,"name":"$FF_Source$","type":"EXTENDED_SOURCE","label":"Param_FF_src_conn","description":"","uiProperties":{"cnxtype":"CSVFile","connectionParameterized":"true","logcnx":"Param_FF_src_conn","isMsrcFilterParameterized":"false","isMsrcSortParameterized":"false","objlabel":"Param_FF_srcobj","origobjlabel":"","objectParameterized":"true","objDesc":"","originalPath":"FF_Source"},"sourceConnectionId":"@5ga3n1HU9uQlW8xHAkt2qg","newFlatFile":false,"newObject":false,"showBusinessNames":true,"naturalOrder":true,"truncateTarget":false,"bulkApiDBTarget":false,"customFuncCfg":{"@type":"customFuncConfig","id":-1,"connections":[],"inputMap":[],"outputFields":[]},"targetRefsV2":{},"targetUpdateColumns":[],"extendedObject":{"@type":"extendedObject","object":{"@type":"mObject","name":"Contract_Update.csv","label":"Contract_Update.csv","metadataUpdated":false,"relations":[],"children":[]},"singleMode":true,"objects":[{"@type":"mObject","name":"Contract_Update.csv","label":"Contract_Update.csv","metadataUpdated":false,"relations":[],"children":[]}],"filters":[],"sortFields":[]},"runtimeAttrs":{},"isRESTModernSource":true,"isFileList":false,"handleSpecialChars":false,"frsAsset":false,"dynamicFileName":false,"excludeDynamicFileNameField":false,"currentlyProcessedFileName":false,"retainFieldMetadata":false,"useExactSrcNames":false,"fetchMode":"ORIGINAL","tgtObjectAttributes":{},"runtimeParameterData":{"@type":"mtTaskRuntimeParameterData","isConnectionRuntimeParameter":false,"isObjectRuntimeParameter":false,"connectionParameterName":"Param_FF_src_conn","objectParameterName":"Param_FF_srcobj"},"overridableProperties":[{"@type":"overridableProperty","id":"defaultPrecision","labelKey":"FF_Source_defaultPrecision","type":"integer","hidden":false,"required":false,"defaultValue":"","renderingHints":{}}],"overriddenFields":[{"@type":"mtTaskOverriddenField","id":174237773,"name":"BillingLatitude","type":"double","precision":255,"scale":0},{"@type":"mtTaskOverriddenField","id":174237775,"name":"BillingLongitude","type":"double","precision":255,"scale":0},{"@type":"mtTaskOverriddenField","id":174237777,"name":"CompanySignedDate","type":"datetime","precision":29,"scale":9},{"@type":"mtTaskOverriddenField","id":174237779,"name":"ContractTerm","type":"int","precision":10,"scale":0},{"@type":"mtTaskOverriddenField","id":174237781,"name":"CustomerSignedDate","type":"datetime","precision":29,"scale":9},{"@type":"mtTaskOverriddenField","id":174237783,"name":"EndDate","type":"datetime","precision":29,"scale":9},{"@type":"mtTaskOverriddenField","id":174237785,"name":"ShippingLatitude","type":"double","precision":255,"scale":0},{"@type":"mtTaskOverriddenField","id":174237787,"name":"ShippingLongitude","type":"double","precision":255,"scale":0},{"@type":"mtTaskOverriddenField","id":174237789,"name":"StartDate","type":"datetime","precision":29,"scale":9}]},{"@type":"mtTaskParameter","id":27170685,"name":"$Target$","type":"TARGET","label":"Param_SFDC_tgt_conn","description":"","uiProperties":{"cnxtype":"Salesforce","connectionParameterized":"true","logcnx":"Param_SFDC_tgt_conn","objlabel":"Param_SFDC_obj","origobjlabel":"","objectParameterized":"true","objDesc":"","defaultTargetUpdateColumns":"","fieldMappingParameterized":"true","supportApplyDDLChanges":"false","originalPath":"Target"},"targetConnectionId":"@1AvtxGIlMCih8o73L8xna9","targetObject":"Contract","targetObjectLabel":"Contract","newFlatFile":false,"newObject":false,"showBusinessNames":true,"naturalOrder":true,"truncateTarget":false,"bulkApiDBTarget":false,"operationType":"Delete","customFuncCfg":{"@type":"customFuncConfig","id":-1,"connections":[],"inputMap":[],"outputFields":[]},"targetRefsV2":{},"targetUpdateColumns":[],"extendedObject":{"@type":"extendedObject","singleMode":true,"filters":[],"sortFields":[]},"runtimeAttrs":{},"isRESTModernSource":true,"isFileList":false,"handleSpecialChars":false,"frsAsset":false,"dynamicFileName":false,"excludeDynamicFileNameField":false,"currentlyProcessedFileName":false,"retainFieldMetadata":false,"objectName":"Contract","objectLabel":"Contract","useExactSrcNames":false,"fetchMode":"ORIGINAL","tgtObjectAttributes":{},"runtimeParameterData":{"@type":"mtTaskRuntimeParameterData","isConnectionRuntimeParameter":false,"isObjectRuntimeParameter":false,"connectionParameterName":"Param_SFDC_tgt_conn","objectParameterName":"Param_SFDC_obj"},"overridableProperties":[],"overriddenFields":[]},{"@type":"mtTaskParameter","id":27170687,"name":"$Lookup$","type":"LOOKUP","label":"Param_SFDC_tgt_conn","description":"","uiProperties":{"cnxtype":"Salesforce","connectionParameterized":"true","logcnx":"Param_SFDC_tgt_conn","isCachedLookup":"true","multipleMatchPolicy":"Use All Values","objlabel":"Param_SFDC_obj","origobjlabel":"","objectParameterized":"true","objDesc":"","originalPath":"Lookup"},"lookupConnectionId":"@1AvtxGIlMCih8o73L8xna9","lookupObject":"Contract","lookupObjectLabel":"Contract","newFlatFile":false,"newObject":false,"showBusinessNames":true,"naturalOrder":true,"truncateTarget":false,"bulkApiDBTarget":false,"customFuncCfg":{"@type":"customFuncConfig","id":-1,"connections":[],"inputMap":[],"outputFields":[]},"targetRefsV2":{},"targetUpdateColumns":[],"runtimeAttrs":{"Lookup source is static":"false","Lookup Sql Override":"","Case Sensitive String Comparison":"false","Lookup Data Cache Size":"AUTO","Output Old Value On Update":"false","Lookup Source Filter":"","Pre-build lookup cache":"AUTO","Synchronize dynamic cache":"false","Null ordering":"","Thousand Separator":"None","Cache File Name Prefix":"","Lookup Index Cache Size":"AUTO","Optional":"true","Lookup cache persistent":"false","Decimal Separator":".","Re-cache from lookup source":"false","Insert Else Update":"false","Lookup caching enabled":"true","Tracing Level":"Normal","Datetime Format":"","Subsecond Precision":"6","Sorted Input":"false","Lookup cache directory name":"$PMCacheDir","Dynamic Lookup Cache":"false"},"isRESTModernSource":true,"isFileList":false,"handleSpecialChars":false,"frsAsset":false,"dynamicFileName":false,"excludeDynamicFileNameField":false,"currentlyProcessedFileName":false,"retainFieldMetadata":false,"objectName":"Contract","objectLabel":"Contract","useExactSrcNames":false,"fetchMode":"ORIGINAL","tgtObjectAttributes":{},"runtimeParameterData":{"@type":"mtTaskRuntimeParameterData","isConnectionRuntimeParameter":false,"isObjectRuntimeParameter":false,"connectionParameterName":"Param_SFDC_tgt_conn","objectParameterName":"Param_SFDC_obj"},"overridableProperties":[],"overriddenFields":[]},{"@type":"mtTaskParameter","id":27170689,"name":"$FieldMapping$","type":"STRING","text":"string (18, 0) Id=Id;string (18, 0) AccountId=IN_AccountId;string (40, 0) OwnerExpirationNotice=IN_OwnerExpirationNotice;date/time (10, 0) StartDate=IN_StartDate;date/time (10, 0) EndDate=IN_EndDate;string (255, 0) BillingStreet=IN_BillingStreet;string (40, 0) BillingCity=IN_BillingCity;string (80, 0) BillingState=IN_BillingState;string (20, 0) BillingPostalCode=IN_BillingPostalCode;string (80, 0) BillingCountry=IN_BillingCountry;decimal (18, 15) BillingLatitude=IN_BillingLatitude;decimal (18, 15) BillingLongitude=IN_BillingLongitude;string (255, 0) ShippingStreet=IN_ShippingStreet;string (40, 0) ShippingCity=IN_ShippingCity;string (80, 0) ShippingState=IN_ShippingState;string (20, 0) ShippingPostalCode=IN_ShippingPostalCode;string (80, 0) ShippingCountry=IN_ShippingCountry;decimal (18, 15) ShippingLatitude=IN_ShippingLatitude;decimal (18, 15) ShippingLongitude=IN_ShippingLongitude;integer (10, 0) ContractTerm=IN_ContractTerm;string (100, 0) Status=IN_Status;string (18, 0) CompanySignedId=IN_CompanySignedId;date/time (10, 0) CompanySignedDate=IN_CompanySignedDate;string (18, 0) CustomerSignedId=IN_CustomerSignedId;string (40, 0) CustomerSignedTitle=IN_CustomerSignedTitle;date/time (10, 0) CustomerSignedDate=IN_CustomerSignedDate;string (4000, 0) SpecialTerms=IN_SpecialTerms;string (18, 0) ActivatedById=IN_ActivatedById;date/time (24, 0) ActivatedDate=IN_ActivatedDate;string (40, 0) StatusCode=IN_StatusCode;string (32000, 0) Description=IN_Description;string (30, 0) ContractNumber=IN_ContractNumber;date/time (24, 0) LastApprovedDate=IN_LastApprovedDate;date/time (10, 0) LastActivityDate=IN_LastActivityDate;","label":"FieldMapping","description":"","uiProperties":{"paramtype":"Fieldmap","supressFieldmappingSuffix":"true","lefttitle":"Incoming Fields","righttitle":"Target Fields","originalPath":"Target"},"newFlatFile":false,"newObject":false,"showBusinessNames":true,"naturalOrder":true,"truncateTarget":false,"bulkApiDBTarget":false,"customFuncCfg":{"@type":"customFuncConfig","id":-1,"connections":[],"inputMap":[],"outputFields":[]},"targetRefsV2":{},"targetUpdateColumns":[],"runtimeAttrs":{},"isRESTModernSource":true,"isFileList":false,"handleSpecialChars":false,"frsAsset":false,"dynamicFileName":false,"excludeDynamicFileNameField":false,"currentlyProcessedFileName":false,"retainFieldMetadata":false,"useExactSrcNames":false,"fetchMode":"ORIGINAL","tgtObjectAttributes":{},"runtimeParameterData":{"@type":"mtTaskRuntimeParameterData","isConnectionRuntimeParameter":false,"isObjectRuntimeParameter":false},"overridableProperties":[],"overriddenFields":[]},{"@type":"mtTaskParameter","id":27170691,"name":"$lkupCondition$","type":"STRING","text":"AccountId = IN_AccountId","label":"lkupCondition","description":"","uiProperties":{"paramtype":"Expression","originalPath":"Lookup"},"newFlatFile":false,"newObject":false,"showBusinessNames":true,"naturalOrder":true,"truncateTarget":false,"bulkApiDBTarget":false,"customFuncCfg":{"@type":"customFuncConfig","id":-1,"connections":[],"inputMap":[],"outputFields":[]},"targetRefsV2":{},"targetUpdateColumns":[],"runtimeAttrs":{},"isRESTModernSource":true,"isFileList":false,"handleSpecialChars":false,"frsAsset":false,"dynamicFileName":false,"excludeDynamicFileNameField":false,"currentlyProcessedFileName":false,"retainFieldMetadata":false,"useExactSrcNames":false,"fetchMode":"ORIGINAL","tgtObjectAttributes":{},"runtimeParameterData":{"@type":"mtTaskRuntimeParameterData","isConnectionRuntimeParameter":false,"isObjectRuntimeParameter":false},"overridableProperties":[],"overriddenFields":[]}],"sequences":[],"inOutParameters":[],"connRuntimeAttrs":[]}]