[{"@type":"mappingTemplate","id":"@1","name":"Mapping248","description":"","bundleVersion":"0","templateId":"@3","deployTime":1678256274000,"hasParameters":false,"valid":true,"fixedConnection":true,"hasParametersDeployed":false,"fixedConnectionDeployed":true,"isSchemaValidationEnabled":false,"tasks":0,"mappingPreviewFileRecordId":"@2","documentType":"MAPPING","references":[{"@type":"reference","refObjectId":"@9zbGGBcSUw8d0caUkKdcaL","refType":"connection"},{"@type":"reference","refObjectId":"@5sjGMDshht8bmWgJ3MaEiN","refType":"connection"}]}]