[{"@type":"workflow","id":"@1","name":"Task_Flow_FF_SFDC_Automation","maxLogs":10,"references":[{"@type":"reference","refObjectId":"@dj9OkRXdpEFhY46UNvPwcA","refType":"mtTask"},{"@type":"reference","refObjectId":"@3NUderKVjaOcpi4QsKW3SQ","refType":"mtTask"},{"@type":"reference","refObjectId":"@63xaGGpbg4xcDoC3reRF6F","refType":"mtTask"},{"@type":"reference","refObjectId":"@dadfv45DqANl2Ps2N2bvMh","refType":"mtTask"},{"@type":"reference","refObjectId":"@7EZCn9NJMylhveisJw0q4m","refType":"mtTask"},{"@type":"reference","refObjectId":"@evU1FGtV8MCcw688CGvX6d","refType":"mtTask"},{"@type":"reference","refObjectId":"@21NnXHK3OnhikktNNfrneZ","refType":"mtTask"},{"@type":"reference","refObjectId":"@02Baz2oJx6cdOQHNX1nlmm","refType":"mtTask"},{"@type":"reference","refObjectId":"@lhsBXcGXH6ee9t1msdOYi7","refType":"mtTask"}],"tasks":[{"@type":"workflowTask","taskId":"@dj9OkRXdpEFhY46UNvPwcA","type":"MTT","name":"MT_SFDC_Asset_Insert","stopOnError":false,"stopOnWarning":false},{"@type":"workflowTask","taskId":"@3NUderKVjaOcpi4QsKW3SQ","type":"MTT","name":"MT_SFDC_Contract_Insert","stopOnError":false,"stopOnWarning":false},{"@type":"workflowTask","taskId":"@63xaGGpbg4xcDoC3reRF6F","type":"MTT","name":"MT_SFDC_CustomAllDataType__c_Insert","stopOnError":false,"stopOnWarning":false},{"@type":"workflowTask","taskId":"@dadfv45DqANl2Ps2N2bvMh","type":"MTT","name":"MT_SFDC_Asset_Update","stopOnError":false,"stopOnWarning":false},{"@type":"workflowTask","taskId":"@7EZCn9NJMylhveisJw0q4m","type":"MTT","name":"MT_SFDC_Contract_Update","stopOnError":false,"stopOnWarning":false},{"@type":"workflowTask","taskId":"@evU1FGtV8MCcw688CGvX6d","type":"MTT","name":"MT_SFDC_CustomAllDataType__c_Update","stopOnError":false,"stopOnWarning":false},{"@type":"workflowTask","taskId":"@21NnXHK3OnhikktNNfrneZ","type":"MTT","name":"MT_SFDC_Asset_Delete","stopOnError":false,"stopOnWarning":false},{"@type":"workflowTask","taskId":"@02Baz2oJx6cdOQHNX1nlmm","type":"MTT","name":"MT_SFDC_Contract_Delete","stopOnError":false,"stopOnWarning":false},{"@type":"workflowTask","taskId":"@lhsBXcGXH6ee9t1msdOYi7","type":"MTT","name":"MT_SFDC_CustomAllDataType__c_Delete","stopOnError":false,"stopOnWarning":false}]}]