[{"@type":"mappingTemplate","id":"@1","name":"Mapping220","description":"","bundleVersion":"0","templateId":"@3","deployTime":1678256271000,"hasParameters":false,"valid":true,"fixedConnection":true,"hasParametersDeployed":false,"fixedConnectionDeployed":true,"isSchemaValidationEnabled":false,"tasks":0,"mappingPreviewFileRecordId":"@2","documentType":"MAPPING","references":[{"@type":"reference","refObjectId":"@5sjGMDshht8bmWgJ3MaEiN","refType":"connection"},{"@type":"reference","refObjectId":"@5ga3n1HU9uQlW8xHAkt2qg","refType":"connection"}]}]