[{"@type":"mappingTemplate","id":"@1","name":"ADT_Opportunity_SET2 - Copy 1","description":"","bundleVersion":"0","templateId":"@3","hasParameters":false,"valid":false,"fixedConnection":true,"hasParametersDeployed":false,"fixedConnectionDeployed":false,"isSchemaValidationEnabled":false,"tasks":0,"mappingPreviewFileRecordId":"@2","documentType":"MAPPING","references":[{"@type":"reference","refObjectId":"@cokf8fKcOYyezVq3fv49wY","refType":"connection"},{"@type":"reference","refObjectId":"@6ek3dpEoeD7e0GNr6QQuwg","refType":"connection"}]}]