[{"@type":"drsTask","id":"@1","name":"DRS_All_Objects","maxLogs":10,"sourceConnectionId":"@1AvtxGIlMCih8o73L8xna9","targetConnectionId":"@cETpNSKQd8VheKzBS9Jyg9","verbose":false,"fullRefresh":false,"replicateAllObjects":false,"removeDeleted":false,"queryAll":false,"srcShowLabels":false,"maxRows":0,"stopOnError":false,"replicationObjects":["Custom_all__c","Huge_obj2__c","URLLengthIssue__c","ApexClass","Emp2__Share","UserListViewCriterion","Object500Col__c","LoginGeo","medplus__c"],"excludedReplicationObjects":[],"majorUpdateTime":1678256289000,"metadataMode":0,"bulkApi":true,"base64BodySize":30.0,"bulkApiDBTarget":true,"fieldExclusions":[],"filters":[],"advancedFilters":[],"srcRuntimeAttrs":{"@type":"taskRuntimeAttrs","attrs":{"Maximum Rows Per Request":"0","PK Chunking size":"100000","Enable PK Chunking":"1","PK Chunking startRow ID":""}}}]