[{"@type":"drsTask","id":"@1","name":"Replication_Asset","maxLogs":10,"sourceConnectionId":"@5sjGMDshht8bmWgJ3MaEiN","targetConnectionId":"@89i81VULxOteh4UTGZTjUG","tablePrefix":"SF_","verbose":true,"fullRefresh":false,"replicateAllObjects":false,"removeDeleted":true,"queryAll":false,"srcShowLabels":true,"maxRows":0,"stopOnError":true,"replicationObjects":["Asset"],"excludedReplicationObjects":[],"majorUpdateTime":1678256279000,"metadataMode":0,"bulkApi":false,"base64BodySize":0.0,"bulkApiDBTarget":false,"fieldExclusions":[],"filters":[],"advancedFilters":[],"srcRuntimeAttrs":{"@type":"taskRuntimeAttrs","attrs":{"PK Chunking size":"100000","Enable PK Chunking":"0","PK Chunking startRow ID":""}}}]