[{"@type":"mtTask","id":"@1","name":"MT_SFDC_CustomAllDataType__c_Update","description":"","runtimeEnvironmentId":"@2esoSf3KGLKjsxer99J3kJ","maxLogs":10,"verbose":false,"mappingId":"@093rVMHJZiRfzR6DSsXxcp","frsGuid":"evU1FGtV8MCcw688CGvX6d","shortDescription":"","sessionPropertiesList":[{"name":"Allow Temporary Sequence for Pushdown","value":"NO","recommended":false},{"name":"Allow Temporary View for Pushdown","value":"NO","recommended":false},{"name":"Pushdown Optimization","value":"None","recommended":false}],"enableCrossSchemaPushdown":true,"enableParallelRun":false,"autoTunedApplied":false,"autoTunedAppliedType":"NONE","paramFileType":"PARAM_FILE_LOCAL","schemaMode":"async","executionEngine":"SPARK","schemaValidationErrorCount":-1,"parameterFileEncoding":"UTF-8","serverlessProperties":{},"taskProperties":[{"@type":"taskProperty","name":"parameterFileDir","currentValue":"","type":"STRING","label":"label.parameterFileDir","required":false},{"@type":"taskProperty","name":"parameterFileName","currentValue":"","type":"STRING","label":"label.parameterFileName","required":false}],"parameters":[{"@type":"mtTaskParameter","id":27170593,"name":"$FF_Source$","type":"EXTENDED_SOURCE","label":"Param_FF_src_conn","description":"","uiProperties":{"cnxtype":"CSVFile","connectionParameterized":"true","logcnx":"Param_FF_src_conn","isMsrcFilterParameterized":"false","isMsrcSortParameterized":"false","objlabel":"Param_FF_srcobj","origobjlabel":"","objectParameterized":"true","objDesc":"","originalPath":"FF_Source"},"sourceConnectionId":"@5ga3n1HU9uQlW8xHAkt2qg","newFlatFile":false,"newObject":false,"showBusinessNames":true,"naturalOrder":true,"truncateTarget":false,"bulkApiDBTarget":false,"customFuncCfg":{"@type":"customFuncConfig","id":-1,"connections":[],"inputMap":[],"outputFields":[]},"targetRefsV2":{},"targetUpdateColumns":[],"extendedObject":{"@type":"extendedObject","object":{"@type":"mObject","name":"CustomAllDataType__c_Update.csv","label":"CustomAllDataType__c_Update.csv","metadataUpdated":false,"relations":[],"children":[]},"singleMode":true,"objects":[{"@type":"mObject","name":"CustomAllDataType__c_Update.csv","label":"CustomAllDataType__c_Update.csv","metadataUpdated":false,"relations":[],"children":[]}],"filters":[],"sortFields":[]},"runtimeAttrs":{},"isRESTModernSource":true,"isFileList":false,"handleSpecialChars":false,"frsAsset":false,"dynamicFileName":false,"excludeDynamicFileNameField":false,"currentlyProcessedFileName":false,"retainFieldMetadata":false,"useExactSrcNames":false,"fetchMode":"ORIGINAL","tgtObjectAttributes":{},"runtimeParameterData":{"@type":"mtTaskRuntimeParameterData","isConnectionRuntimeParameter":false,"isObjectRuntimeParameter":false,"connectionParameterName":"Param_FF_src_conn","objectParameterName":"Param_FF_srcobj"},"overridableProperties":[{"@type":"overridableProperty","id":"defaultPrecision","labelKey":"FF_Source_defaultPrecision","type":"integer","hidden":false,"required":false,"defaultValue":"","renderingHints":{}}],"overriddenFields":[{"@type":"mtTaskOverriddenField","id":174237551,"name":"dt_checkbox__c","type":"int","precision":10,"scale":0},{"@type":"mtTaskOverriddenField","id":174237553,"name":"dt_datetime__c","type":"datetime","precision":29,"scale":9},{"@type":"mtTaskOverriddenField","id":174237555,"name":"dt_date__c","type":"datetime","precision":29,"scale":9},{"@type":"mtTaskOverriddenField","id":174237557,"name":"dt_email__c","type":"nstring","precision":80,"scale":0},{"@type":"mtTaskOverriddenField","id":174237559,"name":"dt_geolocation_decimal__Latitude__s","type":"number","precision":8,"scale":5},{"@type":"mtTaskOverriddenField","id":174237561,"name":"dt_geolocation_decimal__Longitude__s","type":"number","precision":8,"scale":5},{"@type":"mtTaskOverriddenField","id":174237563,"name":"dt_geolocation_degree__Latitude__s","type":"number","precision":8,"scale":5},{"@type":"mtTaskOverriddenField","id":174237565,"name":"dt_geolocation_degree__Longitude__s","type":"number","precision":8,"scale":5},{"@type":"mtTaskOverriddenField","id":174237567,"name":"dt_number__c","type":"number","precision":18,"scale":0},{"@type":"mtTaskOverriddenField","id":174237569,"name":"dt_phone__c","type":"nstring","precision":50,"scale":0},{"@type":"mtTaskOverriddenField","id":174237571,"name":"dt_piclistmultiselect__c","type":"nstring","precision":4099,"scale":0},{"@type":"mtTaskOverriddenField","id":174237573,"name":"dt_textarealong__c","type":"nstring","precision":131072,"scale":0},{"@type":"mtTaskOverriddenField","id":174237575,"name":"dt_textarearich__c","type":"nstring","precision":131072,"scale":0},{"@type":"mtTaskOverriddenField","id":174237577,"name":"dt_time__c","type":"datetime","precision":29,"scale":9}]},{"@type":"mtTaskParameter","id":27170595,"name":"$Target$","type":"TARGET","label":"Param_SFDC_tgt_conn","description":"","uiProperties":{"cnxtype":"Salesforce","connectionParameterized":"true","logcnx":"Param_SFDC_tgt_conn","objlabel":"Param_SFDC_obj","origobjlabel":"","objectParameterized":"true","objDesc":"","defaultTargetUpdateColumns":"","fieldMappingParameterized":"true","supportApplyDDLChanges":"false","originalPath":"Target"},"targetConnectionId":"@5sjGMDshht8bmWgJ3MaEiN","targetObject":"CustomAllDataType__c","targetObjectLabel":"CustomAllDataType","newFlatFile":false,"newObject":false,"showBusinessNames":true,"naturalOrder":true,"truncateTarget":false,"bulkApiDBTarget":false,"operationType":"Update","customFuncCfg":{"@type":"customFuncConfig","id":-1,"connections":[],"inputMap":[],"outputFields":[]},"targetRefsV2":{},"targetUpdateColumns":[],"extendedObject":{"@type":"extendedObject","singleMode":true,"filters":[],"sortFields":[]},"runtimeAttrs":{},"isRESTModernSource":true,"isFileList":false,"handleSpecialChars":false,"frsAsset":false,"dynamicFileName":false,"excludeDynamicFileNameField":false,"currentlyProcessedFileName":false,"retainFieldMetadata":false,"objectName":"CustomAllDataType__c","objectLabel":"CustomAllDataType","useExactSrcNames":false,"fetchMode":"ORIGINAL","tgtObjectAttributes":{},"runtimeParameterData":{"@type":"mtTaskRuntimeParameterData","isConnectionRuntimeParameter":false,"isObjectRuntimeParameter":false,"connectionParameterName":"Param_SFDC_tgt_conn","objectParameterName":"Param_SFDC_obj"},"overridableProperties":[],"overriddenFields":[]},{"@type":"mtTaskParameter","id":27170597,"name":"$Lookup$","type":"LOOKUP","label":"Param_SFDC_tgt_conn","description":"","uiProperties":{"cnxtype":"Salesforce","connectionParameterized":"true","logcnx":"Param_SFDC_tgt_conn","isCachedLookup":"true","multipleMatchPolicy":"Use All Values","objlabel":"Param_SFDC_obj","origobjlabel":"","objectParameterized":"true","objDesc":"","originalPath":"Lookup"},"lookupConnectionId":"@5sjGMDshht8bmWgJ3MaEiN","lookupObject":"CustomAllDataType__c","lookupObjectLabel":"CustomAllDataType","newFlatFile":false,"newObject":false,"showBusinessNames":true,"naturalOrder":true,"truncateTarget":false,"bulkApiDBTarget":false,"customFuncCfg":{"@type":"customFuncConfig","id":-1,"connections":[],"inputMap":[],"outputFields":[]},"targetRefsV2":{},"targetUpdateColumns":[],"runtimeAttrs":{"Lookup source is static":"false","Lookup Sql Override":"","Case Sensitive String Comparison":"false","Lookup Data Cache Size":"AUTO","Output Old Value On Update":"false","Lookup Source Filter":"","Pre-build lookup cache":"AUTO","Synchronize dynamic cache":"false","Null ordering":"","Thousand Separator":"None","Cache File Name Prefix":"","Lookup Index Cache Size":"AUTO","Optional":"true","Lookup cache persistent":"false","Decimal Separator":".","Re-cache from lookup source":"false","Insert Else Update":"false","Lookup caching enabled":"true","Tracing Level":"Normal","Datetime Format":"","Subsecond Precision":"6","Sorted Input":"false","Lookup cache directory name":"$PMCacheDir","Dynamic Lookup Cache":"false"},"isRESTModernSource":true,"isFileList":false,"handleSpecialChars":false,"frsAsset":false,"dynamicFileName":false,"excludeDynamicFileNameField":false,"currentlyProcessedFileName":false,"retainFieldMetadata":false,"objectName":"CustomAllDataType__c","objectLabel":"CustomAllDataType","useExactSrcNames":false,"fetchMode":"ORIGINAL","tgtObjectAttributes":{},"runtimeParameterData":{"@type":"mtTaskRuntimeParameterData","isConnectionRuntimeParameter":false,"isObjectRuntimeParameter":false,"connectionParameterName":"Param_SFDC_tgt_conn","objectParameterName":"Param_SFDC_obj"},"overridableProperties":[],"overriddenFields":[]},{"@type":"mtTaskParameter","id":27170599,"name":"$FieldMapping$","type":"STRING","text":"string (18, 0) Id=Id;string (80, 0) Name=IN_Name__c;string (100, 0) Name__c=IN_Name__c;integer (10, 0) dt_checkbox__c=IN_dt_checkbox__c;decimal (18, 0) dt_currency__c=IN_dt_currency__c;date/time (10, 0) dt_date__c=IN_dt_date__c;date/time (24, 0) dt_datetime__c=IN_dt_datetime__c;string (80, 0) dt_email__c=IN_dt_email__c;decimal (8, 5) dt_geolocation_decimal__Latitude__s=IN_dt_geolocation_decimal__Latitude__s;decimal (8, 5) dt_geolocation_decimal__Longitude__s=IN_dt_geolocation_decimal__Longitude__s;decimal (8, 5) dt_geolocation_degree__Latitude__s=IN_dt_geolocation_degree__Latitude__s;decimal (8, 5) dt_geolocation_degree__Longitude__s=IN_dt_geolocation_degree__Longitude__s;decimal (18, 0) dt_number__c=IN_dt_number__c;decimal (18, 0) dt_percent__c=IN_dt_percent__c;string (40, 0) dt_phone__c=IN_dt_phone__c;string (255, 0) dt_picklist__c=IN_dt_picklist__c;string (4099, 0) dt_piclistmultiselect__c=IN_dt_piclistmultiselect__c;string (100, 0) dt_text__c=IN_dt_text__c;string (255, 0) dt_textarea__c=IN_dt_textarea__c;string (131072, 0) dt_textarealong__c=IN_dt_textarealong__c;string (131072, 0) dt_textarearich__c=IN_dt_textarearich__c;string (175, 0) dt_textencrypted__c=IN_dt_textencrypted__c;date/time (24, 0) dt_time__c=IN_dt_time__c;string (255, 0) dt_url__c=IN_dt_url__c;","label":"FieldMapping","description":"","uiProperties":{"paramtype":"Fieldmap","supressFieldmappingSuffix":"true","lefttitle":"Incoming Fields","righttitle":"Target Fields","originalPath":"Target"},"newFlatFile":false,"newObject":false,"showBusinessNames":true,"naturalOrder":true,"truncateTarget":false,"bulkApiDBTarget":false,"customFuncCfg":{"@type":"customFuncConfig","id":-1,"connections":[],"inputMap":[],"outputFields":[]},"targetRefsV2":{},"targetUpdateColumns":[],"runtimeAttrs":{},"isRESTModernSource":true,"isFileList":false,"handleSpecialChars":false,"frsAsset":false,"dynamicFileName":false,"excludeDynamicFileNameField":false,"currentlyProcessedFileName":false,"retainFieldMetadata":false,"useExactSrcNames":false,"fetchMode":"ORIGINAL","tgtObjectAttributes":{},"runtimeParameterData":{"@type":"mtTaskRuntimeParameterData","isConnectionRuntimeParameter":false,"isObjectRuntimeParameter":false},"overridableProperties":[],"overriddenFields":[]},{"@type":"mtTaskParameter","id":27170601,"name":"$lkupCondition$","type":"STRING","text":"dt_number__c = IN_dt_number__c","label":"lkupCondition","description":"","uiProperties":{"paramtype":"Expression","originalPath":"Lookup"},"newFlatFile":false,"newObject":false,"showBusinessNames":true,"naturalOrder":true,"truncateTarget":false,"bulkApiDBTarget":false,"customFuncCfg":{"@type":"customFuncConfig","id":-1,"connections":[],"inputMap":[],"outputFields":[]},"targetRefsV2":{},"targetUpdateColumns":[],"runtimeAttrs":{},"isRESTModernSource":true,"isFileList":false,"handleSpecialChars":false,"frsAsset":false,"dynamicFileName":false,"excludeDynamicFileNameField":false,"currentlyProcessedFileName":false,"retainFieldMetadata":false,"useExactSrcNames":false,"fetchMode":"ORIGINAL","tgtObjectAttributes":{},"runtimeParameterData":{"@type":"mtTaskRuntimeParameterData","isConnectionRuntimeParameter":false,"isObjectRuntimeParameter":false},"overridableProperties":[],"overriddenFields":[]}],"sequences":[],"inOutParameters":[],"connRuntimeAttrs":[]}]