[{"@type":"mappingTemplate","id":"@1","name":"Mapping80","description":"","bundleVersion":"0","templateId":"@3","deployTime":1678256267000,"hasParameters":false,"valid":true,"fixedConnection":true,"hasParametersDeployed":false,"fixedConnectionDeployed":true,"isSchemaValidationEnabled":false,"tasks":0,"mappingPreviewFileRecordId":"@2","documentType":"MAPPING","references":[{"@type":"reference","refObjectId":"@0JhaXBUSoGmbrcrmZGUzM7","refType":"connection"},{"@type":"reference","refObjectId":"@5ga3n1HU9uQlW8xHAkt2qg","refType":"connection"}]}]