[{"@type":"mappingTemplate","id":"@1","name":"Mapping236-Advanced","description":"","bundleVersion":"0","templateId":"@3","deployTime":1678256261000,"hasParameters":false,"valid":true,"fixedConnection":true,"hasParametersDeployed":false,"fixedConnectionDeployed":true,"isSchemaValidationEnabled":false,"tasks":0,"mappingPreviewFileRecordId":"@2","documentType":"AT_SCALE_MAPPING","references":[{"@type":"reference","refObjectId":"@cokf8fKcOYyezVq3fv49wY","refType":"connection"},{"@type":"reference","refObjectId":"@5sjGMDshht8bmWgJ3MaEiN","refType":"connection"}]}]