[{"@type":"mappingTemplate","id":"@1","name":"ADT_Opportunity_SFDC_Snowflake","description":"","bundleVersion":"0","templateId":"@3","deployTime":1678256273000,"hasParameters":false,"valid":true,"fixedConnection":true,"hasParametersDeployed":false,"fixedConnectionDeployed":true,"isSchemaValidationEnabled":false,"tasks":0,"mappingPreviewFileRecordId":"@2","documentType":"MAPPING","references":[{"@type":"reference","refObjectId":"@cokf8fKcOYyezVq3fv49wY","refType":"connection"},{"@type":"reference","refObjectId":"@6ek3dpEoeD7e0GNr6QQuwg","refType":"connection"}]}]