[{"@type":"mtTask","id":"@1","name":"MT_SFDC_Contract_Insert","description":"","runtimeEnvironmentId":"@2esoSf3KGLKjsxer99J3kJ","maxLogs":10,"verbose":false,"mappingId":"@0D80IHe3EeGd79W4aSZQMy","frsGuid":"3NUderKVjaOcpi4QsKW3SQ","shortDescription":"","sessionPropertiesList":[{"name":"Allow Temporary Sequence for Pushdown","value":"NO","recommended":false},{"name":"Allow Temporary View for Pushdown","value":"NO","recommended":false},{"name":"Pushdown Optimization","value":"None","recommended":false}],"enableCrossSchemaPushdown":true,"enableParallelRun":false,"autoTunedApplied":false,"autoTunedAppliedType":"NONE","paramFileType":"PARAM_FILE_LOCAL","schemaMode":"async","executionEngine":"SPARK","schemaValidationErrorCount":-1,"parameterFileEncoding":"UTF-8","serverlessProperties":{},"taskProperties":[{"@type":"taskProperty","name":"parameterFileDir","currentValue":"","type":"STRING","label":"label.parameterFileDir","required":false},{"@type":"taskProperty","name":"parameterFileName","currentValue":"","type":"STRING","label":"label.parameterFileName","required":false}],"parameters":[{"@type":"mtTaskParameter","id":27170711,"name":"$FF_Source$","type":"EXTENDED_SOURCE","label":"Param_FF_src_conn","description":"","uiProperties":{"cnxtype":"CSVFile","connectionParameterized":"true","logcnx":"Param_FF_src_conn","isMsrcFilterParameterized":"false","isMsrcSortParameterized":"false","objlabel":"Param_FF_srcobj","origobjlabel":"","objectParameterized":"true","objDesc":"","originalPath":"FF_Source"},"sourceConnectionId":"@5ga3n1HU9uQlW8xHAkt2qg","newFlatFile":false,"newObject":false,"showBusinessNames":true,"naturalOrder":true,"truncateTarget":false,"bulkApiDBTarget":false,"customFuncCfg":{"@type":"customFuncConfig","id":-1,"connections":[],"inputMap":[],"outputFields":[]},"targetRefsV2":{},"targetUpdateColumns":[],"extendedObject":{"@type":"extendedObject","object":{"@type":"mObject","name":"Contract_Insert.csv","label":"Contract_Insert.csv","metadataUpdated":false,"relations":[],"children":[]},"singleMode":true,"objects":[{"@type":"mObject","name":"Contract_Insert.csv","label":"Contract_Insert.csv","metadataUpdated":false,"relations":[],"children":[]}],"filters":[],"sortFields":[]},"runtimeAttrs":{},"isRESTModernSource":true,"isFileList":false,"handleSpecialChars":false,"frsAsset":false,"dynamicFileName":false,"excludeDynamicFileNameField":false,"currentlyProcessedFileName":false,"retainFieldMetadata":false,"useExactSrcNames":false,"fetchMode":"ORIGINAL","tgtObjectAttributes":{},"runtimeParameterData":{"@type":"mtTaskRuntimeParameterData","isConnectionRuntimeParameter":false,"isObjectRuntimeParameter":false,"connectionParameterName":"Param_FF_src_conn","objectParameterName":"Param_FF_srcobj"},"overridableProperties":[{"@type":"overridableProperty","id":"defaultPrecision","labelKey":"FF_Source_defaultPrecision","type":"integer","hidden":false,"required":false,"defaultValue":"","renderingHints":{}}],"overriddenFields":[{"@type":"mtTaskOverriddenField","id":174237793,"name":"ActivatedDate","type":"datetime","precision":29,"scale":9},{"@type":"mtTaskOverriddenField","id":174237795,"name":"BillingLatitude","type":"double","precision":255,"scale":0},{"@type":"mtTaskOverriddenField","id":174237797,"name":"BillingLongitude","type":"double","precision":255,"scale":0},{"@type":"mtTaskOverriddenField","id":174237799,"name":"CompanySignedDate","type":"datetime","precision":29,"scale":9},{"@type":"mtTaskOverriddenField","id":174237801,"name":"ContractTerm","type":"int","precision":10,"scale":0},{"@type":"mtTaskOverriddenField","id":174237803,"name":"CustomerSignedDate","type":"datetime","precision":29,"scale":9},{"@type":"mtTaskOverriddenField","id":174237805,"name":"Description","type":"nstring","precision":50000,"scale":0},{"@type":"mtTaskOverriddenField","id":174237807,"name":"EndDate","type":"datetime","precision":29,"scale":9},{"@type":"mtTaskOverriddenField","id":174237809,"name":"LastActivityDate","type":"datetime","precision":29,"scale":9},{"@type":"mtTaskOverriddenField","id":174237811,"name":"LastApprovedDate","type":"datetime","precision":29,"scale":9},{"@type":"mtTaskOverriddenField","id":174237813,"name":"ShippingLatitude","type":"double","precision":255,"scale":0},{"@type":"mtTaskOverriddenField","id":174237815,"name":"ShippingLongitude","type":"double","precision":255,"scale":0},{"@type":"mtTaskOverriddenField","id":174237817,"name":"StartDate","type":"datetime","precision":29,"scale":9}]},{"@type":"mtTaskParameter","id":27170713,"name":"$Target$","type":"TARGET","label":"Param_SFDC_tgt_conn","description":"","uiProperties":{"cnxtype":"Salesforce","connectionParameterized":"true","logcnx":"Param_SFDC_tgt_conn","objlabel":"Param_SFDC_obj","origobjlabel":"","objectParameterized":"true","objDesc":"","defaultTargetUpdateColumns":"","fieldMappingParameterized":"true","supportApplyDDLChanges":"false","originalPath":"Target"},"targetConnectionId":"@1AvtxGIlMCih8o73L8xna9","targetObject":"Contract","targetObjectLabel":"Contract","newFlatFile":false,"newObject":false,"showBusinessNames":false,"naturalOrder":true,"truncateTarget":false,"bulkApiDBTarget":false,"operationType":"Insert","customFuncCfg":{"@type":"customFuncConfig","id":-1,"connections":[],"inputMap":[],"outputFields":[]},"targetRefsV2":{},"targetUpdateColumns":[],"extendedObject":{"@type":"extendedObject","singleMode":true,"filters":[],"sortFields":[]},"runtimeAttrs":{},"isRESTModernSource":true,"isFileList":false,"handleSpecialChars":false,"frsAsset":false,"dynamicFileName":false,"excludeDynamicFileNameField":false,"currentlyProcessedFileName":false,"retainFieldMetadata":false,"objectName":"Contract","objectLabel":"Contract","useExactSrcNames":false,"fetchMode":"ORIGINAL","tgtObjectAttributes":{},"runtimeParameterData":{"@type":"mtTaskRuntimeParameterData","isConnectionRuntimeParameter":false,"isObjectRuntimeParameter":false,"connectionParameterName":"Param_SFDC_tgt_conn","objectParameterName":"Param_SFDC_obj"},"overridableProperties":[],"overriddenFields":[]},{"@type":"mtTaskParameter","id":27170715,"name":"$FieldMapping$","type":"STRING","text":"string (18, 0) AccountId=AccountId;string (40, 0) OwnerExpirationNotice=OwnerExpirationNotice;date/time (10, 0) StartDate=StartDate;date/time (10, 0) EndDate=EndDate;string (255, 0) BillingStreet=BillingStreet;string (40, 0) BillingCity=BillingCity;string (80, 0) BillingState=BillingState;string (20, 0) BillingPostalCode=BillingPostalCode;string (80, 0) BillingCountry=BillingCountry;decimal (18, 15) BillingLatitude=BillingLatitude;decimal (18, 15) BillingLongitude=BillingLongitude;string (255, 0) ShippingStreet=ShippingStreet;string (40, 0) ShippingCity=ShippingCity;string (80, 0) ShippingState=ShippingState;string (20, 0) ShippingPostalCode=ShippingPostalCode;string (80, 0) ShippingCountry=ShippingCountry;decimal (18, 15) ShippingLatitude=ShippingLatitude;decimal (18, 15) ShippingLongitude=ShippingLongitude;integer (10, 0) ContractTerm=ContractTerm;string (100, 0) Status=Status;date/time (10, 0) CompanySignedDate=CompanySignedDate;string (18, 0) CustomerSignedId=CustomerSignedId;string (40, 0) CustomerSignedTitle=CustomerSignedTitle;date/time (10, 0) CustomerSignedDate=CustomerSignedDate;string (4000, 0) SpecialTerms=SpecialTerms;string (18, 0) ActivatedById=ActivatedById;date/time (24, 0) ActivatedDate=ActivatedDate;string (40, 0) StatusCode=StatusCode;string (32000, 0) Description=Description;string (30, 0) ContractNumber=ContractNumber;date/time (24, 0) LastApprovedDate=LastApprovedDate;date/time (10, 0) LastActivityDate=LastActivityDate;","label":"FieldMapping","description":"","uiProperties":{"paramtype":"Fieldmap","supressFieldmappingSuffix":"true","lefttitle":"Incoming Fields","righttitle":"Target Fields","originalPath":"Target"},"newFlatFile":false,"newObject":false,"showBusinessNames":true,"naturalOrder":true,"truncateTarget":false,"bulkApiDBTarget":false,"customFuncCfg":{"@type":"customFuncConfig","id":-1,"connections":[],"inputMap":[],"outputFields":[]},"targetRefsV2":{},"targetUpdateColumns":[],"runtimeAttrs":{},"isRESTModernSource":true,"isFileList":false,"handleSpecialChars":false,"frsAsset":false,"dynamicFileName":false,"excludeDynamicFileNameField":false,"currentlyProcessedFileName":false,"retainFieldMetadata":false,"useExactSrcNames":false,"fetchMode":"ORIGINAL","tgtObjectAttributes":{},"runtimeParameterData":{"@type":"mtTaskRuntimeParameterData","isConnectionRuntimeParameter":false,"isObjectRuntimeParameter":false},"overridableProperties":[],"overriddenFields":[]}],"sequences":[],"inOutParameters":[],"connRuntimeAttrs":[]}]