[{"@type":"drsTask","id":"@1","name":"DRS_CDC","maxLogs":10,"sourceConnectionId":"@1AvtxGIlMCih8o73L8xna9","targetConnectionId":"@cETpNSKQd8VheKzBS9Jyg9","tablePrefix":"CDI_","verbose":true,"fullRefresh":false,"replicateAllObjects":false,"removeDeleted":false,"queryAll":false,"srcShowLabels":false,"maxRows":0,"stopOnError":true,"replicationObjects":["Asset","Contract","CustomAllDataType__c","Task"],"excludedReplicationObjects":[],"majorUpdateTime":1678256288000,"metadataMode":1,"bulkApi":true,"base64BodySize":30.0,"bulkApiDBTarget":true,"fieldExclusions":[],"filters":[],"advancedFilters":[],"srcRuntimeAttrs":{"@type":"taskRuntimeAttrs","attrs":{"Maximum Rows Per Request":"0","PK Chunking size":"100000","Enable PK Chunking":"1","PK Chunking startRow ID":""}}}]