[{"@type":"mtTask","id":"@1","name":"MT_SFDC_Asset_Insert","description":"","runtimeEnvironmentId":"@ffwzDFxhgusjKqFrej2VgP","maxLogs":10,"verbose":false,"mappingId":"@6WkBdJT64FKhQoq7WNklUi","frsGuid":"76mRYpt7u4bikHKC89SDEk","shortDescription":"","sessionPropertiesList":[{"name":"Allow Temporary Sequence for Pushdown","value":"NO","recommended":false},{"name":"Allow Temporary View for Pushdown","value":"NO","recommended":false},{"name":"Pushdown Optimization","value":"None","recommended":false}],"enableCrossSchemaPushdown":true,"enableParallelRun":false,"autoTunedApplied":false,"autoTunedAppliedType":"NONE","paramFileType":"PARAM_FILE_LOCAL","schemaMode":"async","executionEngine":"SPARK","valid":true,"schemaValidationErrorCount":-1,"parameterFileEncoding":"UTF-8","serverlessProperties":{},"taskProperties":[{"@type":"taskProperty","name":"parameterFileDir","currentValue":"","type":"STRING","label":"label.parameterFileDir","required":false},{"@type":"taskProperty","name":"parameterFileName","currentValue":"","type":"STRING","label":"label.parameterFileName","required":false}],"parameters":[{"@type":"mtTaskParameter","id":30191401,"name":"$FF_Source$","type":"EXTENDED_SOURCE","label":"Param_FF_src_conn","description":"","uiProperties":{"cnxtype":"CSVFile","connectionParameterized":"true","paramName":"Param_FF_src_conn","paramLabel":"","paramType-mapping":"Connection","logcnx":"Param_FF_src_conn","isSelectDistinct":"false","isMsrcFilterParameterized":"false","isMsrcSortParameterized":"false","objlabel":"Param_FF_srcobj","origobjlabel":"","objectParameterized":"true","objDesc":"","objectParamName":"Param_FF_srcobj","objectParamType-mapping":"DataObject","originalPath":"FF_Source"},"sourceConnectionId":"@0xY5ZoeewlFixTlyZ4DBg6","newFlatFile":false,"newObject":false,"showBusinessNames":true,"naturalOrder":true,"truncateTarget":false,"bulkApiDBTarget":false,"srcFFAttrs":{"@type":"flatFileAttrs","id":9721179,"delimiter":",","textQualifier":"\"","escapeChar":"","headerLineNo":1,"firstDataRow":2},"customFuncCfg":{"@type":"customFuncConfig","id":-1,"connections":[],"inputMap":[],"outputFields":[]},"targetRefsV2":{},"targetUpdateColumns":[],"extendedObject":{"@type":"extendedObject","object":{"@type":"mObject","name":"Asset_Insert.csv","label":"Asset_Insert.csv","metadataUpdated":false,"relations":[],"children":[]},"singleMode":true,"objects":[{"@type":"mObject","name":"Asset_Insert.csv","label":"Asset_Insert.csv","metadataUpdated":false,"relations":[],"children":[]}],"filters":[],"sortFields":[]},"runtimeAttrs":{},"isRESTModernSource":true,"isFileList":false,"handleSpecialChars":false,"handleDecimalRoundOff":false,"frsAsset":false,"dynamicFileName":false,"excludeDynamicFileNameField":false,"currentlyProcessedFileName":false,"retainFieldMetadata":false,"useExactSrcNames":false,"fetchMode":"ORIGINAL","tgtObjectAttributes":{},"runtimeParameterData":{"@type":"mtTaskRuntimeParameterData","isConnectionRuntimeParameter":false,"isObjectRuntimeParameter":false,"connectionParameterName":"Param_FF_src_conn","objectParameterName":"Param_FF_srcobj"},"overridableProperties":[{"@type":"overridableProperty","id":"defaultPrecision","labelKey":"FF_Source_defaultPrecision","type":"integer","hidden":false,"required":false,"defaultValue":"","renderingHints":{}},{"@type":"overridableProperty","id":"defaultScale","labelKey":"FF_Source_defaultScale","type":"integer","hidden":false,"required":false,"defaultValue":"","renderingHints":{}},{"@type":"overridableProperty","id":"defaultNativeDataType","labelKey":"FF_Source_defaultNativeDataType","type":"string","hidden":false,"required":false,"defaultValue":"","renderingHints":{}}],"overriddenFields":[{"@type":"mtTaskOverriddenField","id":189639257,"name":"AssetLevel","type":"int","precision":10,"scale":0},{"@type":"mtTaskOverriddenField","id":189639259,"name":"InstallDate","type":"datetime","precision":29,"scale":9},{"@type":"mtTaskOverriddenField","id":189639261,"name":"IsCompetitorProduct","type":"int","precision":10,"scale":0},{"@type":"mtTaskOverriddenField","id":189639263,"name":"IsInternal","type":"int","precision":10,"scale":0},{"@type":"mtTaskOverriddenField","id":189639265,"name":"Price","type":"double","precision":255,"scale":0},{"@type":"mtTaskOverriddenField","id":189639267,"name":"PurchaseDate","type":"datetime","precision":29,"scale":9},{"@type":"mtTaskOverriddenField","id":189639269,"name":"Quantity","type":"double","precision":255,"scale":0},{"@type":"mtTaskOverriddenField","id":189639271,"name":"UsageEndDate","type":"datetime","precision":29,"scale":9}]},{"@type":"mtTaskParameter","id":30191403,"name":"$Target$","type":"TARGET","label":"Param_SFDC_tgt_conn","description":"","uiProperties":{"cnxtype":"Salesforce","connectionParameterized":"true","paramName":"Param_SFDC_tgt_conn","paramLabel":"","paramType-mapping":"Connection","logcnx":"Param_SFDC_tgt_conn","objlabel":"Param_SFDC_obj","origobjlabel":"","objectParameterized":"true","objDesc":"","objectParamName":"Param_SFDC_obj","objectParamType-mapping":"DataObject","defaultTargetUpdateColumns":"","fieldMappingParameterized":"true","supportApplyDDLChanges":"false","originalPath":"Target"},"targetConnectionId":"@3qyZfFq1RA7cV3iu0jLUuT","targetObject":"Asset","targetObjectLabel":"Asset","newFlatFile":false,"newObject":false,"showBusinessNames":true,"naturalOrder":true,"truncateTarget":false,"bulkApiDBTarget":false,"operationType":"Insert","customFuncCfg":{"@type":"customFuncConfig","id":-1,"connections":[],"inputMap":[],"outputFields":[]},"targetRefsV2":{},"targetUpdateColumns":[],"extendedObject":{"@type":"extendedObject","singleMode":true,"filters":[],"sortFields":[]},"runtimeAttrs":{},"isRESTModernSource":true,"isFileList":false,"handleSpecialChars":false,"handleDecimalRoundOff":false,"frsAsset":false,"dynamicFileName":false,"excludeDynamicFileNameField":false,"currentlyProcessedFileName":false,"retainFieldMetadata":false,"objectName":"Asset","objectLabel":"Asset","useExactSrcNames":false,"fetchMode":"ORIGINAL","tgtObjectAttributes":{},"runtimeParameterData":{"@type":"mtTaskRuntimeParameterData","isConnectionRuntimeParameter":false,"isObjectRuntimeParameter":false,"connectionParameterName":"Param_SFDC_tgt_conn","objectParameterName":"Param_SFDC_obj"},"overridableProperties":[],"overriddenFields":[]},{"@type":"mtTaskParameter","id":30191405,"name":"$FieldMapping$","type":"STRING","text":"string (18, 0) ContactId=ContactId;string (18, 0) AccountId=AccountId;integer (10, 0) IsCompetitorProduct=IsCompetitorProduct;string (255, 0) Name=Name;string (80, 0) SerialNumber=SerialNumber;date/time (10, 0) InstallDate=InstallDate;date/time (10, 0) PurchaseDate=PurchaseDate;date/time (10, 0) UsageEndDate=UsageEndDate;string (255, 0) Status=Status;decimal (18, 0) Price=Price;decimal (12, 2) Quantity=Quantity;string (32000, 0) Description=Description;string (18, 0) AssetProvidedById=AssetProvidedById;integer (10, 0) IsInternal=IsInternal;integer (10, 0) AssetLevel=AssetLevel;string (180, 0) StockKeepingUnit=StockKeepingUnit;","label":"FieldMapping","description":"","uiProperties":{"paramName":"FieldMapping","paramLabel":"","paramType-mapping":"FieldMapping","paramtype":"Fieldmap","supressFieldmappingSuffix":"true","lefttitle":"Incoming Fields","righttitle":"Target Fields","originalPath":"Target"},"newFlatFile":false,"newObject":false,"showBusinessNames":true,"naturalOrder":true,"truncateTarget":false,"bulkApiDBTarget":false,"customFuncCfg":{"@type":"customFuncConfig","id":-1,"connections":[],"inputMap":[],"outputFields":[]},"targetRefsV2":{},"targetUpdateColumns":[],"runtimeAttrs":{},"isRESTModernSource":true,"isFileList":false,"handleSpecialChars":false,"handleDecimalRoundOff":false,"frsAsset":false,"dynamicFileName":false,"excludeDynamicFileNameField":false,"currentlyProcessedFileName":false,"retainFieldMetadata":false,"useExactSrcNames":false,"fetchMode":"ORIGINAL","tgtObjectAttributes":{},"runtimeParameterData":{"@type":"mtTaskRuntimeParameterData","isConnectionRuntimeParameter":false,"isObjectRuntimeParameter":false},"overridableProperties":[],"overriddenFields":[]}],"sequences":[],"inOutParameters":[],"connRuntimeAttrs":[]}]